Title,Price,Location,Erstzulassung,Kilometerstand,Leistung,Treibstoff,Getriebeart,Fahrzeugtyp,Vorbesitzer,Zustand,BasicsData,Equipment
Audi A3 RS3 SB TFSI quattro S-tronic Limousine,€ 88.990,"Schacherbergstraße 30 4311 Schwertberg Perg, Oberösterreich ",9/2022,4.900 km,400 PS (294 kW),Benzin,Automatik,Limousine,1,Gebrauchtwagen,"{'Antrieb': 'Allrad', 'CO₂-Ausstoß': '205 g/km', 'Hubraum': '2.480 ccm', 'Zylinder': '5', 'Anzahl Türen': '5', 'Anzahl Sitze': '5', 'Außenfarbe': 'Rot', 'Metallic\xadlackierung': '', 'Gewährleistung': '', '§57a ""Pickerl""': '', 'Garantie bis': '5 Jahre', 'Pickerl gültig bis': '09.2025', 'Garantie': '', 'Servicegepflegt': '', 'MwSt. ausweisbar': '', 'Leasingfähig': ''}","['ABS', 'Abstandstempomat', 'Antriebsschlupfregelung (ASR)', 'Apple CarPlay', 'Beifahrerairbags', 'Bluetooth / USB', 'Bordcomputer', 'Dachreling', 'elektr. Fensterheber', 'elektr. Spiegel', 'Fahrerairbag', 'Freisprecheinrichtung', 'ISOFIX', 'Keyless entry', 'Klimaanlage', 'Klimaautomatik', 'Kollisionswarner', 'Kopfairbags', 'Kurvenfahrlicht', 'Leasingfähig', 'Lederausstattung', 'Lederlenkrad', 'LED-Scheinwerfer', 'Leichtmetall-/Alufelgen', 'Lichtsensor', 'Lordosenstütze', 'Media-Interface / mp3', 'Metallic-Lackierung', 'Mittelarmlehne', 'Multifunktionslenkrad', 'MwSt. ausweisbar', 'Navigationssystem', 'Nebelscheinwerfer', 'Nichtraucherfahrzeug', 'Notbremsassistent', 'Notrufsystem', 'Panoramadach', 'Parksensor hinten', 'Parksensor vorne & hinten', 'Radio', 'Regensensor', 'Reifendrucksensor', 'Rückfahrkamera', 'Schaltwippen', 'Schiebedach', 'Seitenairbags', 'Servicegepflegt', 'Servolenkung', 'Sitzheizung', 'Sperrdifferential', 'Sportfahrwerk', 'Sportpaket', 'Sportsitze', 'Spurhalteassistent', 'Stabilitätsprogramme (ESP)', 'Start/Stopp-Automatik', 'Tagfahrlicht', 'Teilautonomes Fahren', 'Tempomat', 'Zentralverriegelung']"
Audi Q5 40 TDI quattro sport S-tronic LED TEMPOMAT S... SUV / Geländewagen,€ 35.971,"Gewerbeparkstraße 145 8143 Dobl Graz-Umgebung, Steiermark ",8/2019,75.173 km,190 PS (140 kW),Diesel,Automatik,SUV / Geländewagen,NaN,Gebrauchtwagen,"{'Antrieb': 'Allrad', 'Hubraum': '1.968 ccm', 'Anzahl Türen': '5', 'Anzahl Sitze': '5', 'Außenfarbe': 'Schwarz', 'Gewährleistung': '', 'MwSt. ausweisbar': '', 'Leasingfähig': ''}","['ABS', 'Antriebsschlupfregelung (ASR)', 'Beifahrerairbags', 'Bordcomputer', 'Dachreling', 'elektr. Fensterheber', 'elektr. Spiegel', 'Fahrerairbag', 'ISOFIX', 'Klimaanlage', 'Klimaautomatik', 'Leasingfähig', 'Lederlenkrad', 'LED-Scheinwerfer', 'Leichtmetall-/Alufelgen', 'Multifunktionslenkrad', 'MwSt. ausweisbar', 'Parksensor hinten', 'Servolenkung', 'Sitzheizung', 'Stabilitätsprogramme (ESP)', 'Start/Stopp-Automatik', 'Tempomat', 'Zentralverriegelung']"
Audi A6 Avant 40 TDI S-tronic Kombi / Family Van,€ 40.990,"Friesacher Strasse 86 9300 St. Veit an der Glan Sankt Veit an der Glan, Kärnten ",5/2019,43.725 km,204 PS (150 kW),Hybrid Elektro/Diesel,Automatik,Kombi / Family Van,NaN,Gebrauchtwagen,"{'Antrieb': 'Vorderrad', 'CO₂-Ausstoß': '146 g/km', 'Hubraum': '1.968 ccm', 'Zylinder': '4', 'Anzahl Türen': '5', 'Anzahl Sitze': '5', 'Verbrauch': '4,70 l/100km', 'Außenfarbe': 'Grau', 'Abgasnorm': 'EURO 6', 'Metallic\xadlackierung': '', 'Gewährleistung': ''}","['ABS', 'Android Auto', 'Antriebsschlupfregelung (ASR)', 'Apple CarPlay', 'Beifahrerairbags', 'Bordcomputer', 'elektr. Spiegel', 'Fahrerairbag', 'Fernlichtassistent', 'Freisprecheinrichtung', 'ISOFIX', 'Klimaanlage', 'Klimaautomatik', 'Kopfairbags', 'Lederlenkrad', 'LED-Scheinwerfer', 'Leichtmetall-/Alufelgen', 'Lichtsensor', 'Media-Interface / mp3', 'Metallic-Lackierung', 'Mittelarmlehne', 'Multifunktionslenkrad', 'Navigationssystem', 'Notbremsassistent', 'Notrufsystem', 'Parksensor hinten', 'Parksensor vorne & hinten', 'Radio', 'Regensensor', 'Reifendrucksensor', 'Rückfahrkamera', 'Schaltwippen', 'Seitenairbags', 'Servolenkung', 'Sitzheizung', 'Spurhalteassistent', 'Stabilitätsprogramme (ESP)', 'Start/Stopp-Automatik', 'Tagfahrlicht', 'Tempomat', 'Xenon', 'Zentralverriegelung']"
Audi A3 Sportback 30 TDI XENON NAVI TEMPOMAT SITZHEI... Limousine,€ 19.573,"Fabianistraße 5 1110 Wien, 11. Bezirk, Simmering ",2/2019,50.179 km,116 PS (85 kW),Diesel,Schaltgetriebe,Limousine,NaN,Gebrauchtwagen,"{'Antrieb': 'Vorderrad', 'Hubraum': '1.598 ccm', 'Anzahl Türen': '5', 'Anzahl Sitze': '5', 'Außenfarbe': 'Blau', 'Metallic\xadlackierung': '', 'Gewährleistung': '', 'MwSt. ausweisbar': '', 'Leasingfähig': ''}","['ABS', 'Antriebsschlupfregelung (ASR)', 'Beifahrerairbags', 'Bordcomputer', 'Dachreling', 'elektr. Fensterheber', 'elektr. Spiegel', 'Fahrerairbag', 'ISOFIX', 'Klimaanlage', 'Klimaautomatik', 'Leasingfähig', 'Leichtmetall-/Alufelgen', 'Metallic-Lackierung', 'MwSt. ausweisbar', 'Navigationssystem', 'Parksensor hinten', 'Radio', 'Servolenkung', 'Sitzheizung', 'Stabilitätsprogramme (ESP)', 'Start/Stopp-Automatik', 'Tempomat', 'Xenon', 'Zentralverriegelung']"
"Audi A4 2,7TDI Multitronik Limousine",€ 4.900,"1230 Wien, 23. Bezirk, Liesing ",11/2006,306.000 km,190 PS (140 kW),Diesel,Automatik,Limousine,NaN,Gebrauchtwagen,"{'Antrieb': 'Vorderrad', 'Anzahl Türen': '4', 'Anzahl Sitze': '5', 'Außenfarbe': 'Silber', '§57a ""Pickerl""': '', 'Servicegepflegt': ''}","['8-fach Bereift', 'ABS', 'Antriebsschlupfregelung (ASR)', 'Beifahrerairbags', 'Bordcomputer', 'CD Player', 'elektr. Fensterheber', 'elektr. Sitze', 'elektr. Spiegel', 'Fahrerairbag', 'Klimaanlage', 'Klimaautomatik', 'Lederausstattung', 'Lichtsensor', 'Multifunktionslenkrad', 'Navigationssystem', 'Nebelscheinwerfer', 'Nichtraucherfahrzeug', 'Parksensor hinten', 'Radio', 'Seitenairbags', 'Servicegepflegt', 'Servolenkung', 'Stabilitätsprogramme (ESP)', 'Tempomat', 'Zentralverriegelung']"
Audi e-tron SB 55 quattro S line ext. Limousine,€ 77.590,"Ketzergasse 120 1230 Wien, 23. Bezirk, Liesing ",4/2021,9.450 km,215 PS (158 kW),Elektro,Automatik,Limousine,NaN,Gebrauchtwagen,"{'Antrieb': 'Allrad', 'Anzahl Türen': '4', 'Anzahl Sitze': '5', 'Außenfarbe': 'Weiß', 'Metallic\xadlackierung': '', 'Gewährleistung': '', '§57a ""Pickerl""': ''}",['Metallic-Lackierung']
Audi A4 Avant 2.0 TDI Kombi / Family Van,€ 18.990,"Gabrielerstraße 26-28 2344 Maria Enzersdorf Mödling, Niederösterreich ",5/2018,158.500 km,122 PS (90 kW),Diesel,Automatik,Kombi / Family Van,NaN,Gebrauchtwagen,"{'Antrieb': 'Vorderrad', 'CO₂-Ausstoß': '106 g/km', 'Hubraum': '1.968 ccm', 'Anzahl Türen': '4', 'Anzahl Sitze': '5', 'Außenfarbe': 'Weiß', 'Gewährleistung': '', '§57a ""Pickerl""': ''}","['Beifahrerairbags', 'Bluetooth / USB', 'Dachreling', 'elektr. Spiegel', 'Freisprecheinrichtung', 'ISOFIX', 'Klimaanlage', 'Klimaautomatik', 'Kopfairbags', 'Lederlenkrad', 'Leichtmetall-/Alufelgen', 'Lichtsensor', 'Lordosenstütze', 'Mittelarmlehne', 'Multifunktionslenkrad', 'Navigationssystem', 'Nebelscheinwerfer', 'Parksensor hinten', 'Parksensor vorne & hinten', 'Reifendrucksensor', 'Seitenairbags', 'Sitzheizung', 'Tempomat']"
"Audi Audi RS6 Avant 4,0 TFSI COD tiptronic Kombi / Family Van",€ 60.900,"Eugendorf 5302 Eugendorf Salzburg-Umgebung, Salzburg ",11/2015,148.000 km,564 PS (415 kW),Benzin,Automatik,Kombi / Family Van,2,Gebrauchtwagen,"{'Antrieb': 'Allrad', 'Anzahl Türen': '5', 'Anzahl Sitze': '5', 'Außenfarbe': 'Grau', '§57a ""Pickerl""': '', 'Pickerl gültig bis': '11.2023', 'Servicegepflegt': ''}","['8-fach Bereift', 'ABS', 'Abstandstempomat', 'Alarmanlage', 'Android Auto', 'Antriebsschlupfregelung (ASR)', 'Apple CarPlay', 'Aut. Heckklappe', 'Beifahrerairbags', 'Bluetooth / USB', 'Bordcomputer', 'CD Player', 'Dachreling', 'Einparkhilfe', 'elektr. Fensterheber', 'elektr. Sitze', 'elektr. Spiegel', 'Fahrerairbag', 'Fernlichtassistent', 'Freisprecheinrichtung', 'Frontscheibenheizung', 'Handy induktiv laden', 'Head-Up-Display', 'ISOFIX', 'Keyless entry', 'Klimaanlage', 'Klimaautomatik', 'Kollisionswarner', 'Komfortfahrwerk', 'Kurvenfahrlicht', 'Laserlicht', 'Lederausstattung', 'Lederlenkrad', 'LED-Scheinwerfer', 'Leichtmetall-/Alufelgen', 'Lenkradheizung', 'Lichtsensor', 'Lordosenstütze', 'Media-Interface / mp3', 'Mittelarmlehne', 'Multifunktionslenkrad', 'Navigationssystem', 'Nebelscheinwerfer', 'Nichtraucherfahrzeug', 'Notrufsystem', 'Parksensor hinten', 'Parksensor vorne & hinten', 'Radio', 'Regensensor', 'Reifendrucksensor', 'Rückfahrkamera', 'Schaltwippen', 'Schisack', 'Seitenairbags', 'Servicegepflegt', 'Servolenkung', 'Sitzheizung', 'Sperrdifferential', 'Sportfahrwerk', 'Sportpaket', 'Sportsitze', 'Spurhalteassistent', 'Stabilitätsprogramme (ESP)', 'Standheizung', 'Start/Stopp-Automatik', 'Tagfahrlicht', 'Tempomat', 'Totwinkelassistent', 'Winterpaket', 'Xenon', 'Zentralverriegelung']"
"Audi A4 Avant 2,0 TDI quattro Design S-tronic Kombi / Family Van",€ 33.990,Pischeldorfer Straße 134 9020 Klagenfurt Kärnten ,5/2019,52.762 km,190 PS (140 kW),Diesel,Automatik,Kombi / Family Van,NaN,Gebrauchtwagen,"{'Antrieb': 'Allrad', 'CO₂-Ausstoß': '116 g/km', 'Hubraum': '1.968 ccm', 'max. Anhängelast': '0 kg', 'Zylinder': '4', 'Anzahl Türen': '5', 'Anzahl Sitze': '5', 'Verbrauch': '4,50 l/100km', 'Außenfarbe': 'Schwarz', 'Abgasnorm': 'EURO 6', 'Metallic\xadlackierung': '', 'Gewährleistung': '', 'Garantie bis': '5 Jahre', 'Garantie': ''}","['ABS', 'Abstandstempomat', 'Android Auto', 'Antriebsschlupfregelung (ASR)', 'Apple CarPlay', 'Beifahrerairbags', 'Bluetooth / USB', 'Bordcomputer', 'Dachreling', 'elektr. Spiegel', 'Fahrerairbag', 'Fernlichtassistent', 'Freisprecheinrichtung', 'ISOFIX', 'Klimaanlage', 'Klimaautomatik', 'Kopfairbags', 'Lederlenkrad', 'Leichtmetall-/Alufelgen', 'Lichtsensor', 'Lordosenstütze', 'Media-Interface / mp3', 'Metallic-Lackierung', 'Mittelarmlehne', 'Multifunktionslenkrad', 'Navigationssystem', 'Nichtraucherfahrzeug', 'Notbremsassistent', 'Notrufsystem', 'Parksensor hinten', 'Parksensor vorne & hinten', 'Radio', 'Regensensor', 'Reifendrucksensor', 'Schaltwippen', 'Seitenairbags', 'Servolenkung', 'Sitzheizung', 'Spurhalteassistent', 'Stabilitätsprogramme (ESP)', 'Standheizung', 'Start/Stopp-Automatik', 'Tagfahrlicht', 'Tempomat', 'Totwinkelassistent', 'Xenon', 'Zentralverriegelung']"
"Audi TT Coupé 2,0 TFSI quattro Sport S-tronic **S-LINE** Sportwagen / Coupé",€ 25.500,"Breitenfurterstrasse 245 1230 Wien, 23. Bezirk, Liesing ",10/2015,148.000 km,230 PS (169 kW),Benzin,Automatik,Sportwagen / Coupé,NaN,Gebrauchtwagen,"{'Antrieb': 'Allrad', 'CO₂-Ausstoß': '149 g/km', 'Hubraum': '1.984 ccm', 'Zylinder': '4', 'Anzahl Türen': '3', 'Anzahl Sitze': '4', 'Verbrauch': '6,40 l/100km', 'Außenfarbe': 'Rot', 'Abgasnorm': 'EURO 6', 'Metallic\xadlackierung': '', 'Gewährleistung': '', '§57a ""Pickerl""': '', 'Pickerl gültig bis': '10.2023', 'Servicegepflegt': ''}","['8-fach Bereift', 'ABS', 'Alarmanlage', 'Antriebsschlupfregelung (ASR)', 'Beifahrerairbags', 'Bluetooth / USB', 'Bordcomputer', 'CD Player', 'Einparkhilfe', 'elektr. Fensterheber', 'elektr. Sitze', 'elektr. Spiegel', 'Fahrerairbag', 'Freisprecheinrichtung', 'Frontscheibenheizung', 'ISOFIX', 'Klimaanlage', 'Klimaautomatik', 'Kopfairbags', 'Kurvenfahrlicht', 'Lederausstattung', 'Lederlenkrad', 'LED-Scheinwerfer', 'Leichtmetall-/Alufelgen', 'Lichtsensor', 'Lordosenstütze', 'Media-Interface / mp3', 'Metallic-Lackierung', 'Mittelarmlehne', 'Multifunktionslenkrad', 'Navigationssystem', 'Nebelscheinwerfer', 'Parksensor hinten', 'Parksensor vorne & hinten', 'Radio', 'Reifendrucksensor', 'Schaltwippen', 'Seitenairbags', 'Servicegepflegt', 'Servolenkung', 'Sitzheizung', 'Sportfahrwerk', 'Sportpaket', 'Sportsitze', 'Stabilitätsprogramme (ESP)', 'Start/Stopp-Automatik', 'Tagfahrlicht', 'Tempomat', 'Winterpaket', 'Xenon', 'Zentralverriegelung']"
Audi A3 NEUES ÖAMTC PICKERL - XENON Klein-/ Kompaktwagen,€ 8.400,"Hauptstraße 9751 Sachsenburg Spittal an der Drau, Kärnten ",03/2010,155.000 km,90 PS (66 kW),Diesel,Schaltgetriebe,Klein-/ Kompaktwagen,2,Gebrauchtwagen,"{'Antrieb': 'Vorderrad', 'Anzahl Türen': '5', 'Anzahl Sitze': '5', 'Außenfarbe': 'Schwarz', 'Metallic\xadlackierung': '', '§57a ""Pickerl""': '', 'Pickerl gültig bis': '03.2024', 'Servicegepflegt': ''}","['ABS', 'Beifahrerairbags', 'Bordcomputer', 'CD Player', 'Einparkhilfe', 'elektr. Fensterheber', 'elektr. Spiegel', 'Klimaanlage', 'Klimaautomatik', 'Kopfairbags', 'Leichtmetall-/Alufelgen', 'Metallic-Lackierung', 'Mittelarmlehne', 'Nebelscheinwerfer', 'Nichtraucherfahrzeug', 'Parksensor hinten', 'Regensensor', 'Seitenairbags', 'Servicegepflegt', 'Servolenkung', 'Tagfahrlicht', 'Xenon', 'Zentralverriegelung']"
Audi A4 3.0 TDI Sport Avant Kombi / Family Van,€ 25.990,Alpenbadstraße 19 6600 Reutte Tirol ,10/2016,129.000 km,218 PS (160 kW),Diesel,Automatik,Kombi / Family Van,1,Gebrauchtwagen,"{'Antrieb': 'Vorderrad', 'Anzahl Türen': '5', 'Anzahl Sitze': '5', 'Außenfarbe': 'Grau', 'Metallic\xadlackierung': '', 'Gewährleistung': '', 'Garantie': '', 'Leasingfähig': '', 'Servicegepflegt': ''}","['ABS', 'Abstandstempomat', 'Android Auto', 'Anhängerkupplung', 'Antriebsschlupfregelung (ASR)', 'Apple CarPlay', 'Beifahrerairbags', 'Bluetooth / USB', 'Bordcomputer', 'CD Player', 'Dachreling', 'Einparkhilfe', 'elektr. Fensterheber', 'elektr. Sitze', 'elektr. Spiegel', 'Fahrerairbag', 'Fernlichtassistent', 'Freisprecheinrichtung', 'ISOFIX', 'Keyless entry', 'Klimaanlage', 'Klimaautomatik', 'Kopfairbags', 'Leasingfähig', 'Lederlenkrad', 'Leichtmetall-/Alufelgen', 'Lenkradheizung', 'Lichtsensor', 'Lordosenstütze', 'Media-Interface / mp3', 'Metallic-Lackierung', 'Mittelarmlehne', 'Multifunktionslenkrad', 'Navigationssystem', 'Nichtraucherfahrzeug', 'Notbremsassistent', 'Notrufsystem', 'Parksensor hinten', 'Parksensor vorne & hinten', 'Radio', 'Regensensor', 'Reifendrucksensor', 'Rückfahrkamera', 'Seitenairbags', 'Servicegepflegt', 'Servolenkung', 'Sitzheizung', 'Sportpaket', 'Sportsitze', 'Spurhalteassistent', 'Stabilitätsprogramme (ESP)', 'Start/Stopp-Automatik', 'Tagfahrlicht', 'Tempomat', 'Winterpaket', 'Xenon', 'Zentralverriegelung']"
Audi A4 Limousine,€ 480,"Reichersberg 4981 Minaberg Ried im Innkreis, Oberösterreich ",02/2000,320.000 km,116 PS (85 kW),Diesel,Schaltgetriebe,Limousine,NaN,Gebrauchtwagen,"{'Antrieb': 'Vorderrad', 'Außenfarbe': 'Grau', 'Anzahl Türen': '5', 'Anzahl Sitze': '5', '§57a ""Pickerl""': ''}",
Audi A3 Sportback TFSI Klein-/ Kompaktwagen,€ 19.000,"2345 Brunn am Gebirge Mödling, Niederösterreich ",02/2018,89.200 km,116 PS (85 kW),Benzin,Schaltgetriebe,Klein-/ Kompaktwagen,NaN,Gebrauchtwagen,"{'Antrieb': 'Vorderrad', 'Außenfarbe': 'Weiß', 'Anzahl Türen': '5', 'Anzahl Sitze': '5', '§57a ""Pickerl""': '', 'Pickerl gültig bis': '02.2024'}",
Audi A4 B5 Limousine,€ 1.500,"Mühlgasse 10 2801 Katzelsdorf Wiener Neustadt Land, Niederösterreich ",07/1996,391.700 km,82 PS (60 kW),Diesel,Schaltgetriebe,Limousine,2,Gebrauchtwagen,"{'Antrieb': 'Vorderrad', 'Anzahl Türen': '5', 'Anzahl Sitze': '5', 'Außenfarbe': 'Blau', 'Metallic\xadlackierung': '', '§57a ""Pickerl""': '', 'Pickerl gültig bis': '04.2023'}","['8-fach Bereift', 'ABS', 'Anhängerkupplung', 'Beifahrerairbags', 'Bluetooth / USB', 'CD Player', 'elektr. Fensterheber', 'elektr. Spiegel', 'Fahrerairbag', 'Klimaanlage', 'Media-Interface / mp3', 'Metallic-Lackierung', 'Nichtraucherfahrzeug', 'Radio', 'Servolenkung', 'Zentralverriegelung']"
"Audi A4 2,0 TDI 143PS Limo Limousine",€ 5.990,"1030 Wien, 03. Bezirk, Landstraße ",11/2007,198.000 km,143 PS (105 kW),Diesel,Schaltgetriebe,Limousine,NaN,Gebrauchtwagen,"{'Antrieb': 'Vorderrad', 'Anzahl Türen': '4', 'Anzahl Sitze': '5', 'Außenfarbe': 'Silber', 'Metallic\xadlackierung': '', 'Servicegepflegt': ''}","['ABS', 'Anhängerkupplung', 'Beifahrerairbags', 'Bordcomputer', 'CD Player', 'Einparkhilfe', 'elektr. Fensterheber', 'elektr. Sitze', 'elektr. Spiegel', 'Fahrerairbag', 'Freisprecheinrichtung', 'Frontscheibenheizung', 'ISOFIX', 'Klimaanlage', 'Klimaautomatik', 'Lederlenkrad', 'LED-Scheinwerfer', 'Leichtmetall-/Alufelgen', 'Lichtsensor', 'Media-Interface / mp3', 'Metallic-Lackierung', 'Mittelarmlehne', 'Multifunktionslenkrad', 'Nebelscheinwerfer', 'Parksensor hinten', 'Radio', 'Regensensor', 'Seitenairbags', 'Servicegepflegt', 'Servolenkung', 'Sportsitze', 'Start/Stopp-Automatik', 'Tagfahrlicht', 'Tempomat', 'Xenon', 'Zentralverriegelung']"
Audi A4 B5 1.9TDI Limousine,€ 3.000,"5020 Salzburg Salzburg Stadt, Salzburg ",09/1995,275.000 km,90 PS (66 kW),Diesel,Schaltgetriebe,Limousine,1,Gebrauchtwagen,"{'Antrieb': 'Vorderrad', 'Anzahl Türen': '5', 'Anzahl Sitze': '5', 'Außenfarbe': 'Blau', 'Metallic\xadlackierung': '', '§57a ""Pickerl""': '', 'Pickerl gültig bis': '01.2024', 'Servicegepflegt': ''}","['8-fach Bereift', 'ABS', 'Beifahrerairbags', 'Bluetooth / USB', 'Bordcomputer', 'CD Player', 'elektr. Fensterheber', 'elektr. Spiegel', 'Freisprecheinrichtung', 'Klimaanlage', 'Klimaautomatik', 'Leichtmetall-/Alufelgen', 'Metallic-Lackierung', 'Nichtraucherfahrzeug', 'Radio', 'Schisack', 'Seitenairbags', 'Servicegepflegt', 'Servolenkung', 'Sitzheizung', 'Zentralverriegelung']"
"Audi Q5 2,0 TFSI quattro S-tronic SUV / Geländewagen",€ 23.990,"Wiener Straße 5 4053 Haid Linz Land, Oberösterreich ",4/2013,103.000 km,211 PS (155 kW),Benzin,Automatik,SUV / Geländewagen,NaN,Gebrauchtwagen,"{'Antrieb': 'Allrad', 'CO₂-Ausstoß': '199 g/km', 'Hubraum': '1.984 ccm', 'Anzahl Türen': '5', 'Anzahl Sitze': '5', 'Verbrauch': '8,50 l/100km', 'Außenfarbe': 'Grau', 'Abgasnorm': 'EURO 5', 'Metallic\xadlackierung': '', 'Gewährleistung': '', '§57a ""Pickerl""': '', 'Pickerl gültig bis': '04.2023', 'Garantie': '', 'Servicegepflegt': ''}","['8-fach Bereift', 'ABS', 'Anhängerkupplung', 'Aut. Heckklappe', 'Beifahrerairbags', 'Bluetooth / USB', 'Bordcomputer', 'CD Player', 'elektr. Fensterheber', 'elektr. Sitze', 'elektr. Spiegel', 'Fahrerairbag', 'Freisprecheinrichtung', 'ISOFIX', 'Klimaanlage', 'Klimaautomatik', 'Lederausstattung', 'Lederlenkrad', 'Leichtmetall-/Alufelgen', 'Lichtsensor', 'Media-Interface / mp3', 'Metallic-Lackierung', 'Multifunktionslenkrad', 'Navigationssystem', 'Nebelscheinwerfer', 'Nichtraucherfahrzeug', 'Panoramadach', 'Parksensor hinten', 'Parksensor vorne & hinten', 'Radio', 'Regensensor', 'Reifendrucksensor', 'Schiebedach', 'Seitenairbags', 'Servicegepflegt', 'Servolenkung', 'Sitzheizung', 'Sportpaket', 'Start/Stopp-Automatik', 'Tagfahrlicht', 'Tempomat', 'Xenon', 'Zentralverriegelung']"
"Audi Q2 1,6 TDI **NAVI*SITZHEIZUNG*8-Fach Bereift** SUV / Geländewagen",€ 19.990,"Hauptstraße 172 2534 Alland Baden, Niederösterreich ",1/2018,111.000 km,116 PS (85 kW),Diesel,Schaltgetriebe,SUV / Geländewagen,2,Gebrauchtwagen,"{'Antrieb': 'Vorderrad', 'CO₂-Ausstoß': '114 g/km', 'Hubraum': '1.598 ccm', 'Zylinder': '4', 'Anzahl Türen': '4', 'Anzahl Sitze': '4', 'Verbrauch': '4,40 l/100km', 'Außenfarbe': 'Schwarz', 'Abgasnorm': 'EURO 6', 'Metallic\xadlackierung': '', 'Gewährleistung': '', '§57a ""Pickerl""': '', 'Pickerl gültig bis': '1.2024', 'Servicegepflegt': '', 'MwSt. ausweisbar': '', 'Leasingfähig': ''}","['8-fach Bereift', 'ABS', 'Alarmanlage', 'Android Auto', 'Antriebsschlupfregelung (ASR)', 'Apple CarPlay', 'Aut. Heckklappe', 'Beifahrerairbags', 'Bluetooth / USB', 'Bordcomputer', 'CD Player', 'elektr. Fensterheber', 'elektr. Spiegel', 'Fahrerairbag', 'Freisprecheinrichtung', 'ISOFIX', 'Klimaanlage', 'Klimaautomatik', 'Kollisionswarner', 'Kopfairbags', 'Leasingfähig', 'Lederlenkrad', 'Leichtmetall-/Alufelgen', 'Lichtsensor', 'Lordosenstütze', 'Media-Interface / mp3', 'Metallic-Lackierung', 'Mittelarmlehne', 'Multifunktionslenkrad', 'MwSt. ausweisbar', 'Navigationssystem', 'Nebelscheinwerfer', 'Nichtraucherfahrzeug', 'Notbremsassistent', 'Notrufsystem', 'Parksensor hinten', 'Radio', 'Regensensor', 'Reifendrucksensor', 'Rückfahrkamera', 'Seitenairbags', 'Servicegepflegt', 'Servolenkung', 'Sitzheizung', 'Stabilitätsprogramme (ESP)', 'Start/Stopp-Automatik', 'Tagfahrlicht', 'Tempomat', 'Totwinkelassistent', 'Winterpaket', 'Zentralverriegelung']"
Audi Q3 2.0 TDI Quattro Intense SUV / Geländewagen,€ 23.490,9020 Klagenfurt Kärnten ,07/2015,86.000 km,150 PS (110 kW),Diesel,Automatik,SUV / Geländewagen,NaN,Gebrauchtwagen,"{'Antrieb': 'Allrad', 'Anzahl Türen': '5', 'Anzahl Sitze': '5', 'Außenfarbe': 'Schwarz', '§57a ""Pickerl""': '', 'Pickerl gültig bis': '07.2023', 'Servicegepflegt': ''}","['8-fach Bereift', 'ABS', 'Anhängerkupplung', 'Antriebsschlupfregelung (ASR)', 'Beifahrerairbags', 'Bluetooth / USB', 'Bordcomputer', 'CD Player', 'Dachreling', 'Einparkhilfe', 'elektr. Fensterheber', 'elektr. Spiegel', 'Fahrerairbag', 'Fernlichtassistent', 'Freisprecheinrichtung', 'Frontscheibenheizung', 'ISOFIX', 'Klimaanlage', 'Klimaautomatik', 'Kopfairbags', 'Kurvenfahrlicht', 'Lederlenkrad', 'LED-Scheinwerfer', 'Leichtmetall-/Alufelgen', 'Lordosenstütze', 'Media-Interface / mp3', 'Mittelarmlehne', 'Multifunktionslenkrad', 'Navigationssystem', 'Nebelscheinwerfer', 'Nichtraucherfahrzeug', 'Notbremsassistent', 'Notrufsystem', 'Parksensor hinten', 'Parksensor vorne & hinten', 'Radio', 'Regensensor', 'Reifendrucksensor', 'Rückfahrkamera', 'Seitenairbags', 'Servicegepflegt', 'Servolenkung', 'Sitzheizung', 'Stabilitätsprogramme (ESP)', 'Start/Stopp-Automatik', 'Tagfahrlicht', 'Tempomat', 'Winterpaket', 'Zentralverriegelung']"
Audi A4 b5 quattro Kombi / Family Van,€ 1.900,"8524 Vochera am Weinberg Deutschlandsberg, Steiermark ",08/1999,433.000 km,150 PS (110 kW),Diesel,Schaltgetriebe,Kombi / Family Van,5,Gebrauchtwagen,"{'Antrieb': 'Allrad', 'Außenfarbe': 'Rot', 'Anzahl Türen': '5', 'Anzahl Sitze': '5'}",
Audi A4 2.0 TDI//PICKERL NEU//SERVICE NEU// Kombi / Family Van,€ 5.000,"4655 Vorchdorf Gmunden, Oberösterreich ",12/2006,225.144 km,140 PS (103 kW),Diesel,Schaltgetriebe,Kombi / Family Van,NaN,Gebrauchtwagen,"{'Antrieb': 'Vorderrad', 'Anzahl Türen': '5', 'Anzahl Sitze': '5', 'Außenfarbe': 'Sonstige', 'Metallic\xadlackierung': '', '§57a ""Pickerl""': '', 'Pickerl gültig bis': '12.2023'}","['ABS', 'Antriebsschlupfregelung (ASR)', 'Beifahrerairbags', 'Bordcomputer', 'CD Player', 'Dachreling', 'elektr. Fensterheber', 'elektr. Spiegel', 'Fahrerairbag', 'Klimaanlage', 'Klimaautomatik', 'Kopfairbags', 'Lederlenkrad', 'Leichtmetall-/Alufelgen', 'Metallic-Lackierung', 'Multifunktionslenkrad', 'Navigationssystem', 'Nebelscheinwerfer', 'Radio', 'Reifendrucksensor', 'Seitenairbags', 'Servolenkung', 'Sportfahrwerk', 'Stabilitätsprogramme (ESP)', 'Zentralverriegelung']"
"Audi A1 SB 1,6 TDI admired S-tronic Limousine",€ 13.490,"Umseer Straße 32 3040 Neulengbach Sankt Pölten Land, Niederösterreich ",8/2013,141.000 km,90 PS (66 kW),Diesel,Automatik,Limousine,NaN,Gebrauchtwagen,"{'Antrieb': 'Vorderrad', 'CO₂-Ausstoß': '110 g/km', 'Hubraum': '1.598 ccm', 'max. Anhängelast': '1.200 kg', 'Zylinder': '4', 'Anzahl Türen': '5', 'Anzahl Sitze': '4', 'Verbrauch': '4,20 l/100km', 'Außenfarbe': 'Grau', 'Abgasnorm': 'EURO 5', 'Metallic\xadlackierung': '', 'Gewährleistung': '', '§57a ""Pickerl""': '', 'Pickerl gültig bis': '8.2023', 'Garantie': '', 'Servicegepflegt': ''}","['ABS', 'Antriebsschlupfregelung (ASR)', 'Beifahrerairbags', 'Bluetooth / USB', 'Bordcomputer', 'Einparkhilfe', 'elektr. Fensterheber', 'elektr. Spiegel', 'Fahrerairbag', 'Fernlichtassistent', 'Freisprecheinrichtung', 'ISOFIX', 'Klimaanlage', 'Kurvenfahrlicht', 'Lederlenkrad', 'LED-Scheinwerfer', 'Leichtmetall-/Alufelgen', 'Lordosenstütze', 'Metallic-Lackierung', 'Mittelarmlehne', 'Multifunktionslenkrad', 'Navigationssystem', 'Nichtraucherfahrzeug', 'Parksensor hinten', 'Parksensor vorne & hinten', 'Radio', 'Regensensor', 'Reifendrucksensor', 'Rückfahrkamera', 'Seitenairbags', 'Servicegepflegt', 'Servolenkung', 'Stabilitätsprogramme (ESP)', 'Start/Stopp-Automatik', 'Tempomat', 'Xenon', 'Zentralverriegelung']"
"Audi Q7 3,0 TDI quattro S-Line *Nur 136TKM* *2.Besitz* *frisches Pickerl & Service* traumhaft gepflegt* *8-fach Bereift* SUV / Geländewagen",€ 22.990,"Am Jungfernberg 1 2201 Gerasdorf Korneuburg, Niederösterreich ",8/2009,136.000 km,239 PS (176 kW),Diesel,Automatik,SUV / Geländewagen,2,Gebrauchtwagen,"{'Antrieb': 'Allrad', 'CO₂-Ausstoß': '239 g/km', 'Hubraum': '2.967 ccm', 'max. Anhängelast': '3.500 kg', 'Zylinder': '6', 'Anzahl Türen': '5', 'Anzahl Sitze': '5', 'Verbrauch': '9,10 l/100km', 'Außenfarbe': 'Schwarz', 'Abgasnorm': 'EURO 4', 'Metallic\xadlackierung': '', 'Gewährleistung': '', '§57a ""Pickerl""': '', 'Pickerl gültig bis': '8.2023', 'Servicegepflegt': ''}","['8-fach Bereift', 'ABS', 'Alarmanlage', 'Antriebsschlupfregelung (ASR)', 'Beifahrerairbags', 'Bluetooth / USB', 'Bordcomputer', 'CD Player', 'Dachgepäckträger', 'Dachreling', 'elektr. Fensterheber', 'elektr. Sitze', 'elektr. Spiegel', 'Fahrerairbag', 'Freisprecheinrichtung', 'ISOFIX', 'Klimaanlage', 'Klimaautomatik', 'Kopfairbags', 'Lederausstattung', 'Lederlenkrad', 'LED-Scheinwerfer', 'Leichtmetall-/Alufelgen', 'Lichtsensor', 'Lordosenstütze', 'Media-Interface / mp3', 'Metallic-Lackierung', 'Mittelarmlehne', 'Multifunktionslenkrad', 'Navigationssystem', 'Nebelscheinwerfer', 'Nichtraucherfahrzeug', 'Parksensor hinten', 'Radio', 'Regensensor', 'Reifendrucksensor', 'Seitenairbags', 'Servicegepflegt', 'Servolenkung', 'Sportpaket', 'Sportsitze', 'Stabilitätsprogramme (ESP)', 'Tagfahrlicht', 'Xenon', 'Zentralverriegelung']"
Audi A4 Quattro 190 PS TDI DSG Kombi / Family Van,€ 41.900,6900 Bregenz Vorarlberg ,10/2019,56.800 km,190 PS (140 kW),Diesel,Automatik,Kombi / Family Van,NaN,Gebrauchtwagen,"{'Antrieb': 'Allrad', 'Anzahl Türen': '5', 'Anzahl Sitze': '5', 'Außenfarbe': 'Grau', 'Metallic\xadlackierung': '', '§57a ""Pickerl""': '', 'Pickerl gültig bis': '10.2024', 'Garantie': '', 'Servicegepflegt': ''}","['ABS', 'Abstandstempomat', 'Alarmanlage', 'Antriebsschlupfregelung (ASR)', 'Aut. Heckklappe', 'Beifahrerairbags', 'Bluetooth / USB', 'Bordcomputer', 'Dachreling', 'Einparkhilfe', 'elektr. Fensterheber', 'elektr. Sitze', 'elektr. Spiegel', 'Fahrerairbag', 'Fernlichtassistent', 'Freisprecheinrichtung', 'Handy induktiv laden', 'Head-Up-Display', 'ISOFIX', 'Keyless entry', 'Klimaanlage', 'Klimaautomatik', 'Kollisionswarner', 'Kopfairbags', 'Kurvenfahrlicht', 'Lederlenkrad', 'LED-Scheinwerfer', 'Leichtmetall-/Alufelgen', 'Lichtsensor', 'Lordosenstütze', 'Metallic-Lackierung', 'Mittelarmlehne', 'Multifunktionslenkrad', 'Navigationssystem', 'Nichtraucherfahrzeug', 'Notbremsassistent', 'Notrufsystem', 'Parksensor hinten', 'Parksensor vorne & hinten', 'Radio', 'Regensensor', 'Reifendrucksensor', 'Rückfahrkamera', 'Schaltwippen', 'Seitenairbags', 'Servicegepflegt', 'Servolenkung', 'Sitzheizung', 'Sperrdifferential', 'Sportfahrwerk', 'Sportpaket', 'Sportsitze', 'Spurhalteassistent', 'Stabilitätsprogramme (ESP)', 'Tagfahrlicht', 'Teilautonomes Fahren', 'Tempomat', 'Totwinkelassistent', 'Zentralverriegelung']"
Audi A4 1.9TDI//PICKERL NEU//ZAHNRIEMEN NEU//SERVICE NEU// Limousine,€ 3.800,"Vorchdorf 4655 Vorchdorf Gmunden, Oberösterreich ",10/2001,226.000 km,131 PS (96 kW),Diesel,Schaltgetriebe,Limousine,NaN,Gebrauchtwagen,"{'Antrieb': 'Vorderrad', 'Anzahl Türen': '4', 'Anzahl Sitze': '5', 'Außenfarbe': 'Blau', '§57a ""Pickerl""': '', 'Pickerl gültig bis': '10.2023'}","['ABS', 'Anhängerkupplung', 'Antriebsschlupfregelung (ASR)', 'Beifahrerairbags', 'Bluetooth / USB', 'Bordcomputer', 'elektr. Fensterheber', 'elektr. Spiegel', 'Fahrerairbag', 'Klimaanlage', 'Klimaautomatik', 'Kopfairbags', 'Leichtmetall-/Alufelgen', 'Nebelscheinwerfer', 'Radio', 'Servolenkung', 'Stabilitätsprogramme (ESP)', 'Zentralverriegelung']"
Audi A3 S3 8P 2.0 TFSI BLACK alle Service Pickerl bis 4/24 Sportwagen / Coupé,€ 11.900,"5111 Bürmoos Salzburg-Umgebung, Salzburg ",04/2008,208.700 km,265 PS (195 kW),Benzin,Schaltgetriebe,Sportwagen / Coupé,3,Gebrauchtwagen,"{'Antrieb': 'Allrad', 'Anzahl Türen': '3', 'Anzahl Sitze': '5', 'Außenfarbe': 'Schwarz', '§57a ""Pickerl""': '', 'Pickerl gültig bis': '04.2024', 'Servicegepflegt': ''}","['ABS', 'Alarmanlage', 'Antriebsschlupfregelung (ASR)', 'Beifahrerairbags', 'Bordcomputer', 'CD Player', 'elektr. Fensterheber', 'elektr. Spiegel', 'Fahrerairbag', 'Klimaanlage', 'Klimaautomatik', 'Kopfairbags', 'Lederausstattung', 'Lederlenkrad', 'Leichtmetall-/Alufelgen', 'Lichtsensor', 'Media-Interface / mp3', 'Mittelarmlehne', 'Nebelscheinwerfer', 'Radio', 'Regensensor', 'Seitenairbags', 'Servicegepflegt', 'Servolenkung', 'Sitzheizung', 'Sperrdifferential', 'Sportfahrwerk', 'Sportpaket', 'Sportsitze', 'Stabilitätsprogramme (ESP)', 'Tagfahrlicht', 'Tempomat', 'Xenon', 'Zentralverriegelung']"
"Audi Q3 2,0 TDI Sport quattro S-tronic*S-LINE PLUS*S... SUV / Geländewagen",€ 28.900,Egger Lienz Straße 1c 6020 Innsbruck Tirol ,7/2016,114.000 km,184 PS (135 kW),Diesel,Automatik,SUV / Geländewagen,NaN,Gebrauchtwagen,"{'Antrieb': 'Allrad', 'CO₂-Ausstoß': '139 g/km', 'Hubraum': '1.968 ccm', 'max. Anhängelast': '2.000 kg', 'Anzahl Türen': '5', 'Anzahl Sitze': '5', 'Verbrauch': '5,30 l/100km', 'Außenfarbe': 'Blau', 'Abgasnorm': 'EURO 6', 'Metallic\xadlackierung': '', 'Gewährleistung': '', '§57a ""Pickerl""': ''}","['ABS', 'Antriebsschlupfregelung (ASR)', 'Beifahrerairbags', 'Bluetooth / USB', 'Bordcomputer', 'Dachreling', 'elektr. Fensterheber', 'elektr. Spiegel', 'Fahrerairbag', 'Freisprecheinrichtung', 'ISOFIX', 'Klimaanlage', 'Klimaautomatik', 'Kopfairbags', 'Lederausstattung', 'Lederlenkrad', 'Leichtmetall-/Alufelgen', 'Lichtsensor', 'Lordosenstütze', 'Metallic-Lackierung', 'Multifunktionslenkrad', 'Navigationssystem', 'Nebelscheinwerfer', 'Notbremsassistent', 'Parksensor hinten', 'Parksensor vorne & hinten', 'Radio', 'Regensensor', 'Reifendrucksensor', 'Rückfahrkamera', 'Seitenairbags', 'Servolenkung', 'Sitzheizung', 'Sportpaket', 'Sportsitze', 'Spurhalteassistent', 'Stabilitätsprogramme (ESP)', 'Tagfahrlicht', 'Xenon', 'Zentralverriegelung']"
Audi A4 S4 2.5TDI Kombi / Family Van,€ 3.199,"Boschstraße 1-3 1190 Wien, 19. Bezirk, Döbling ",08/2003,301.325 km,163 PS (120 kW),Diesel,Automatik,Kombi / Family Van,NaN,Gebrauchtwagen,"{'Antrieb': 'Vorderrad', 'Außenfarbe': 'Silber', 'Anzahl Türen': '5', 'Anzahl Sitze': '5', '§57a ""Pickerl""': '', 'Pickerl gültig bis': '08.2023'}",
Audi A7 Sportback 50TDI quattro S-Line Sportwagen / Coupé,€ 59.999,"Otterbacher Straße 4 4786 Brunnenthal Schärding, Oberösterreich ",8/2018,95.000 km,286 PS (210 kW),Diesel,Automatik,Sportwagen / Coupé,NaN,Gebrauchtwagen,"{'Antrieb': 'Allrad', 'CO₂-Ausstoß': '138 g/km', 'Zylinder': '6', 'Anzahl Türen': '5', 'Anzahl Sitze': '4', 'Verbrauch': '5,20 l/100km', 'Außenfarbe': 'Grau', 'Hubraum': '2.967 ccm', 'Abgasnorm': 'EURO 6', 'Gewährleistung': '', '§57a ""Pickerl""': '', 'Pickerl gültig bis': '8.2023'}",
"Audi A4 Avant 2,0 TDI DPF Kombi / Family Van",€ 6.500,"4663 Laakirchen Gmunden, Oberösterreich ",01/2010,326.000 km,143 PS (105 kW),Diesel,Schaltgetriebe,Kombi / Family Van,NaN,Gebrauchtwagen,"{'Antrieb': 'Vorderrad', 'CO₂-Ausstoß': '149 g/km', 'Zylinder': '4', 'Anzahl Türen': '5', 'Anzahl Sitze': '5', 'Verbrauch': '5,70 l/100km', 'Außenfarbe': 'Schwarz', 'Abgasnorm': 'EURO 5', 'Metallic\xadlackierung': ''}","['ABS', 'Alarmanlage', 'Antriebsschlupfregelung (ASR)', 'Beifahrerairbags', 'CD Player', 'Dachgepäckträger', 'Dachreling', 'elektr. Fensterheber', 'elektr. Spiegel', 'Fahrerairbag', 'Freisprecheinrichtung', 'Klimaanlage', 'Klimaautomatik', 'Kopfairbags', 'Lederlenkrad', 'Leichtmetall-/Alufelgen', 'Metallic-Lackierung', 'Mittelarmlehne', 'Nebelscheinwerfer', 'Nichtraucherfahrzeug', 'Parksensor hinten', 'Parksensor vorne & hinten', 'Radio', 'Reifendrucksensor', 'Seitenairbags', 'Servolenkung', 'Sitzheizung', 'Stabilitätsprogramme (ESP)', 'Tagfahrlicht', 'Tempomat', 'Zentralverriegelung']"
Audi A1 Klein-/ Kompaktwagen,€ 10.000,"8020 Eggenberg Graz, Steiermark ",11/2011,70.000 km,86 PS (63 kW),Benzin,Schaltgetriebe,Klein-/ Kompaktwagen,NaN,Gebrauchtwagen,"{'Antrieb': 'Vorderrad', 'Außenfarbe': 'Weiß', 'Anzahl Türen': '3', 'Anzahl Sitze': '4', '§57a ""Pickerl""': '', 'Pickerl gültig bis': '03.2024'}","['8-fach Bereift', 'ABS']"
Audi A6 4f Kombi / Family Van,€ 4.000,"8561 Södingberg Graz-Umgebung, Steiermark ",07/2006,308.126 km,140 PS (103 kW),Diesel,Schaltgetriebe,Kombi / Family Van,2,Gebrauchtwagen,"{'Antrieb': 'Vorderrad', 'Anzahl Türen': '5', 'Anzahl Sitze': '5', 'Außenfarbe': 'Blau', 'Metallic\xadlackierung': '', 'Servicegepflegt': ''}","['8-fach Bereift', 'ABS', 'Alarmanlage', 'Anhängerkupplung', 'Antriebsschlupfregelung (ASR)', 'Beifahrerairbags', 'Bluetooth / USB', 'Bordcomputer', 'CD Player', 'Dachreling', 'Einparkhilfe', 'elektr. Fensterheber', 'elektr. Sitze', 'elektr. Spiegel', 'Fahrerairbag', 'ISOFIX', 'Klimaanlage', 'Klimaautomatik', 'Komfortfahrwerk', 'Kopfairbags', 'Lederausstattung', 'Lederlenkrad', 'Leichtmetall-/Alufelgen', 'Lichtsensor', 'Lordosenstütze', 'Media-Interface / mp3', 'Metallic-Lackierung', 'Mittelarmlehne', 'Multifunktionslenkrad', 'Navigationssystem', 'Nebelscheinwerfer', 'Nichtraucherfahrzeug', 'Parksensor hinten', 'Radio', 'Regensensor', 'Reifendrucksensor', 'Seitenairbags', 'Servicegepflegt', 'Servolenkung', 'Sitzheizung', 'Sportsitze', 'Stabilitätsprogramme (ESP)', 'Tagfahrlicht', 'Xenon', 'Zentralverriegelung']"
"Audi A4 Avant 1,9 TDI Edition /Pickerl gültig 4/23+4/ Kombi / Family Van",€ 1.500,"Nobilegasse 56 1150 Wien, 15. Bezirk, Rudolfsheim-Fünfhaus ",4/2004,300.000 km,101 PS (74 kW),Diesel,Schaltgetriebe,Kombi / Family Van,NaN,Gebrauchtwagen,"{'Antrieb': 'Vorderrad', 'CO₂-Ausstoß': '149 g/km', 'Zylinder': '4', 'Anzahl Türen': '5', 'Anzahl Sitze': '5', 'Verbrauch': '5,50 l/100km', 'Außenfarbe': 'Sonstige', 'Hubraum': '1.896 ccm', 'max. Anhängelast': '1.600 kg', 'Gewährleistung': '', '§57a ""Pickerl""': '', 'Pickerl gültig bis': '4.2023'}","['ABS', 'Antriebsschlupfregelung (ASR)', 'Beifahrerairbags', 'CD Player', 'Dachreling', 'elektr. Fensterheber', 'elektr. Spiegel', 'Fahrerairbag', 'ISOFIX', 'Klimaanlage', 'Klimaautomatik', 'Kopfairbags', 'Leichtmetall-/Alufelgen', 'Nebelscheinwerfer', 'Seitenairbags', 'Servolenkung', 'Stabilitätsprogramme (ESP)', 'Tempomat']"
"Audi A6 Avant 2,0 TDI Quattro S-tronic Kombi / Family Van",€ 26.900,"Hofstetten 10 3244 Ruprechtshofen Melk, Niederösterreich ",4/2016,160.000 km,190 PS (140 kW),Diesel,Automatik,Kombi / Family Van,2,Gebrauchtwagen,"{'Antrieb': 'Allrad', 'CO₂-Ausstoß': '133 g/km', 'Hubraum': '1.968 ccm', 'max. Anhängelast': '1.800 kg', 'Zylinder': '4', 'Anzahl Türen': '5', 'Anzahl Sitze': '5', 'Verbrauch': '4,20 l/100km', 'Außenfarbe': 'Schwarz', 'Abgasnorm': 'EURO 6', 'Gewährleistung': '', '§57a ""Pickerl""': '', 'Pickerl gültig bis': '4.2023', 'Servicegepflegt': ''}","['8-fach Bereift', 'ABS', 'Antriebsschlupfregelung (ASR)', 'Aut. Heckklappe', 'Beifahrerairbags', 'Bluetooth / USB', 'Bordcomputer', 'Dachreling', 'Einparkhilfe', 'elektr. Fensterheber', 'elektr. Spiegel', 'Fahrerairbag', 'Fernlichtassistent', 'Freisprecheinrichtung', 'ISOFIX', 'Klimaanlage', 'Klimaautomatik', 'Komfortfahrwerk', 'Kopfairbags', 'Lederlenkrad', 'LED-Scheinwerfer', 'Leichtmetall-/Alufelgen', 'Lichtsensor', 'Lordosenstütze', 'Mittelarmlehne', 'Multifunktionslenkrad', 'Navigationssystem', 'Nebelscheinwerfer', 'Nichtraucherfahrzeug', 'Parksensor hinten', 'Parksensor vorne & hinten', 'Regensensor', 'Reifendrucksensor', 'Rückfahrkamera', 'Schisack', 'Seitenairbags', 'Servicegepflegt', 'Servolenkung', 'Sitzheizung', 'Sperrdifferential', 'Spurhalteassistent', 'Stabilitätsprogramme (ESP)', 'Start/Stopp-Automatik', 'Tagfahrlicht', 'Tempomat', 'Xenon', 'Zentralverriegelung']"
"Audi A1 Sportback 1,6 TDI Limousine",€ 14.990,"Fiali-Ring 2 - Campus 33 3133 Traismauer Sankt Pölten Land, Niederösterreich ",3/2018,36.900 km,116 PS (85 kW),Diesel,Schaltgetriebe,Limousine,2,Gebrauchtwagen,"{'Antrieb': 'Vorderrad', 'CO₂-Ausstoß': '99 g/km', 'Hubraum': '1.598 ccm', 'Zylinder': '4', 'Anzahl Türen': '5', 'Anzahl Sitze': '4', 'Verbrauch': '3,80 l/100km', 'Außenfarbe': 'Schwarz', 'Abgasnorm': 'EURO 6', 'Metallic\xadlackierung': '', 'Gewährleistung': '', '§57a ""Pickerl""': '', 'Pickerl gültig bis': '3.2024'}","['ABS', 'Antriebsschlupfregelung (ASR)', 'Beifahrerairbags', 'Bluetooth / USB', 'Bordcomputer', 'elektr. Fensterheber', 'elektr. Spiegel', 'Fahrerairbag', 'Freisprecheinrichtung', 'ISOFIX', 'Klimaanlage', 'Kopfairbags', 'Lederlenkrad', 'Leichtmetall-/Alufelgen', 'Metallic-Lackierung', 'Mittelarmlehne', 'Notbremsassistent', 'Radio', 'Reifendrucksensor', 'Seitenairbags', 'Servolenkung', 'Sportfahrwerk', 'Stabilitätsprogramme (ESP)', 'Xenon', 'Zentralverriegelung']"
Audi A4 S-line Kombi / Family Van,€ 8.900,"Zlanerstrasse 34 9713 Zlan Villach Land, Kärnten ",02/2010,296.000 km,143 PS (105 kW),Diesel,Schaltgetriebe,Kombi / Family Van,NaN,Gebrauchtwagen,"{'Antrieb': 'Vorderrad', 'Anzahl Türen': '5', 'Anzahl Sitze': '5', 'Außenfarbe': 'Grau'}","['ABS', 'Beifahrerairbags', 'Bluetooth / USB', 'elektr. Fensterheber', 'Fahrerairbag', 'Freisprecheinrichtung', 'Klimaanlage', 'Klimaautomatik', 'Lederausstattung', 'Lederlenkrad', 'Leichtmetall-/Alufelgen', 'Nebelscheinwerfer', 'Nichtraucherfahrzeug', 'Parksensor hinten', 'Radio', 'Seitenairbags', 'Sitzheizung', 'Start/Stopp-Automatik', 'Tempomat', 'Xenon', 'Zentralverriegelung']"
Audi A4 2.0 tdi Kombi / Family Van,€ 10.500,"Friedberg 8240 Friedberg Hartberg-Fürstenfeld, Steiermark ",06/2008,288.000 km,143 PS (105 kW),Diesel,Schaltgetriebe,Kombi / Family Van,2,Gebrauchtwagen,"{'Antrieb': 'Vorderrad', 'Anzahl Türen': '5', 'Anzahl Sitze': '5', 'Außenfarbe': 'Grau', 'Metallic\xadlackierung': '', '§57a ""Pickerl""': '', 'Pickerl gültig bis': '06.2023'}","['ABS', 'Antriebsschlupfregelung (ASR)', 'Beifahrerairbags', 'Bluetooth / USB', 'Bordcomputer', 'CD Player', 'Dachreling', 'Einparkhilfe', 'elektr. Fensterheber', 'elektr. Spiegel', 'Fahrerairbag', 'Freisprecheinrichtung', 'ISOFIX', 'Klimaanlage', 'Klimaautomatik', 'Lederausstattung', 'Lederlenkrad', 'Leichtmetall-/Alufelgen', 'Lichtsensor', 'Metallic-Lackierung', 'Mittelarmlehne', 'Multifunktionslenkrad', 'Navigationssystem', 'Nebelscheinwerfer', 'Nichtraucherfahrzeug', 'Parksensor hinten', 'Parksensor vorne & hinten', 'Radio', 'Regensensor', 'Servolenkung', 'Sitzheizung', 'Sportfahrwerk', 'Sportsitze', 'Stabilitätsprogramme (ESP)', 'Tagfahrlicht', 'Tempomat', 'Winterpaket', 'Xenon', 'Zentralverriegelung']"
"Audi Q7 3,0 TDI V6 quattro DPF Tiptronic SUV / Geländewagen",€ 6.499,"Brünner Straße 362 1210 Wien, 21. Bezirk, Floridsdorf ",4/2007,262.000 km,232 PS (171 kW),Diesel,Automatik,SUV / Geländewagen,2,Gebrauchtwagen,"{'Antrieb': 'Allrad', 'CO₂-Ausstoß': '282 g/km', 'Hubraum': '2.967 ccm', 'max. Anhängelast': '3.500 kg', 'Zylinder': '6', 'Anzahl Türen': '5', 'Anzahl Sitze': '7', 'Verbrauch': '10,50 l/100km', 'Außenfarbe': 'Grau', 'Abgasnorm': 'EURO 4', 'Gewährleistung': '', 'Servicegepflegt': ''}","['ABS', 'Antriebsschlupfregelung (ASR)', 'Beifahrerairbags', 'Dachreling', 'elektr. Fensterheber', 'elektr. Sitze', 'elektr. Spiegel', 'Fahrerairbag', 'ISOFIX', 'Klimaanlage', 'Klimaautomatik', 'Kopfairbags', 'Kurvenfahrlicht', 'Lederausstattung', 'Lederlenkrad', 'LED-Scheinwerfer', 'Leichtmetall-/Alufelgen', 'Lichtsensor', 'Mittelarmlehne', 'Nebelscheinwerfer', 'Panoramadach', 'Parksensor hinten', 'Parksensor vorne & hinten', 'Radio', 'Regensensor', 'Schaltwippen', 'Schiebedach', 'Seitenairbags', 'Servicegepflegt', 'Servolenkung', 'Sitzheizung', 'Stabilitätsprogramme (ESP)', 'Tagfahrlicht', 'Winterpaket', 'Xenon', 'Zentralverriegelung']"
Audi A5 Sportback  TDI 2.0 Limousine,€ 26.500,"1230 Wien, 23. Bezirk, Liesing ",06/2017,209.900 km,190 PS (140 kW),Diesel,Automatik,Limousine,2,Gebrauchtwagen,"{'Antrieb': 'Vorderrad', 'Anzahl Türen': '4', 'Anzahl Sitze': '5', 'Außenfarbe': 'Grau', 'Metallic\xadlackierung': '', '§57a ""Pickerl""': '', 'Pickerl gültig bis': '06.2023', 'Servicegepflegt': ''}","['8-fach Bereift', 'ABS', 'Abstandstempomat', 'Alarmanlage', 'Antriebsschlupfregelung (ASR)', 'Aut. Heckklappe', 'Beifahrerairbags', 'Bluetooth / USB', 'Bordcomputer', 'Einparkhilfe', 'elektr. Fensterheber', 'elektr. Spiegel', 'Fahrerairbag', 'Fernlichtassistent', 'Freisprecheinrichtung', 'ISOFIX', 'Klimaanlage', 'Kollisionswarner', 'Komfortfahrwerk', 'Lederlenkrad', 'LED-Scheinwerfer', 'Leichtmetall-/Alufelgen', 'Lichtsensor', 'Media-Interface / mp3', 'Metallic-Lackierung', 'Mittelarmlehne', 'Multifunktionslenkrad', 'Navigationssystem', 'Nebelscheinwerfer', 'Nichtraucherfahrzeug', 'Notbremsassistent', 'Notrufsystem', 'Parksensor hinten', 'Parksensor vorne & hinten', 'Radio', 'Regensensor', 'Reifendrucksensor', 'Schaltwippen', 'Seitenairbags', 'Servicegepflegt', 'Servolenkung', 'Sportfahrwerk', 'Sportpaket', 'Sportsitze', 'Stabilitätsprogramme (ESP)', 'Start/Stopp-Automatik', 'Tagfahrlicht', 'Tempomat', 'Zentralverriegelung']"
Audi A4 35 TDI Kombi / Family Van,€ 26.500,8053 Graz Steiermark ,07/2019,84.100 km,150 PS (110 kW),Diesel,Automatik,Kombi / Family Van,NaN,Gebrauchtwagen,"{'Antrieb': 'Vorderrad', 'Anzahl Türen': '5', 'Anzahl Sitze': '5', 'Außenfarbe': 'Rot', '§57a ""Pickerl""': '', 'Pickerl gültig bis': '07.2024', 'Servicegepflegt': ''}","['ABS', 'Abstandstempomat', 'Alarmanlage', 'Antriebsschlupfregelung (ASR)', 'Aut. Heckklappe', 'Bluetooth / USB', 'Bordcomputer', 'CD Player', 'elektr. Fensterheber', 'elektr. Sitze', 'elektr. Spiegel', 'Fernlichtassistent', 'Head-Up-Display', 'ISOFIX', 'Keyless entry', 'Klimaanlage', 'Klimaautomatik', 'Media-Interface / mp3', 'Navigationssystem', 'Parksensor hinten', 'Parksensor vorne & hinten', 'Radio', 'Regensensor', 'Rückfahrkamera', 'Servicegepflegt', 'Servolenkung', 'Sitzheizung', 'Spurhalteassistent', 'Stabilitätsprogramme (ESP)', 'Standheizung', 'Start/Stopp-Automatik', 'Tempomat', 'Xenon', 'Zentralverriegelung']"
Audi A4 Avant 40 TDI quattro advanced S-tronic Kombi / Family Van,€ 38.590,"Untergreith 159 8160 Untergreith Weiz, Steiermark ",8/2020,63.500 km,190 PS (140 kW),Diesel,Automatik,Kombi / Family Van,NaN,Gebrauchtwagen,"{'Antrieb': 'Allrad', 'CO₂-Ausstoß': '154 g/km', 'Anzahl Türen': '5', 'Anzahl Sitze': '5', 'Verbrauch': '5 l/100km', 'Außenfarbe': 'Schwarz', 'Gewährleistung': '', '§57a ""Pickerl""': ''}","['ABS', 'Abstandstempomat', 'Android Auto', 'Anhängerkupplung', 'Apple CarPlay', 'Aut. Heckklappe', 'Beifahrerairbags', 'Bluetooth / USB', 'Bordcomputer', 'Dachreling', 'elektr. Fensterheber', 'elektr. Sitze', 'elektr. Spiegel', 'Fahrerairbag', 'Freisprecheinrichtung', 'Klimaanlage', 'Klimaautomatik', 'Kopfairbags', 'Lederlenkrad', 'LED-Scheinwerfer', 'Leichtmetall-/Alufelgen', 'Lordosenstütze', 'Media-Interface / mp3', 'Mittelarmlehne', 'Multifunktionslenkrad', 'Navigationssystem', 'Notrufsystem', 'Parksensor hinten', 'Parksensor vorne & hinten', 'Reifendrucksensor', 'Seitenairbags', 'Servolenkung', 'Sitzheizung', 'Sportpaket', 'Sportsitze', 'Spurhalteassistent', 'Standheizung', 'Start/Stopp-Automatik', 'Tagfahrlicht', 'Tempomat', 'Zentralverriegelung']"
Audi A4 2.0 TDI Limousine,€ 10.950,"5020 Salzburg Salzburg Stadt, Salzburg ",01/2012,212.000 km,143 PS (105 kW),Diesel,Schaltgetriebe,Limousine,2,Gebrauchtwagen,"{'Antrieb': 'Vorderrad', 'Anzahl Türen': '4', 'Anzahl Sitze': '5', 'Außenfarbe': 'Schwarz', 'Metallic\xadlackierung': '', '§57a ""Pickerl""': '', 'Pickerl gültig bis': '01.2024', 'Servicegepflegt': ''}","['8-fach Bereift', 'ABS', 'Antriebsschlupfregelung (ASR)', 'Aut. Heckklappe', 'Beifahrerairbags', 'Bluetooth / USB', 'Bordcomputer', 'CD Player', 'Einparkhilfe', 'elektr. Fensterheber', 'elektr. Spiegel', 'Fahrerairbag', 'Freisprecheinrichtung', 'Frontscheibenheizung', 'ISOFIX', 'Klimaanlage', 'Klimaautomatik', 'Lederlenkrad', 'LED-Scheinwerfer', 'Leichtmetall-/Alufelgen', 'Lordosenstütze', 'Metallic-Lackierung', 'Mittelarmlehne', 'Multifunktionslenkrad', 'Navigationssystem', 'Nebelscheinwerfer', 'Nichtraucherfahrzeug', 'Notrufsystem', 'Parksensor hinten', 'Radio', 'Regensensor', 'Reifendrucksensor', 'Seitenairbags', 'Servicegepflegt', 'Servolenkung', 'Sitzheizung', 'Stabilitätsprogramme (ESP)', 'Start/Stopp-Automatik', 'Tagfahrlicht', 'Tempomat', 'Xenon', 'Zentralverriegelung']"
"Audi A3 SportBack ""Style"" 2,0 TDI 150ps 1.Besitz Klein-/ Kompaktwagen",€ 11.900,"Industriestraße 2 Top4 2301 Groß-Enzersdorf Gänserndorf, Niederösterreich ",5/2013,231.928 km,150 PS (110 kW),Diesel,Schaltgetriebe,Klein-/ Kompaktwagen,1,Gebrauchtwagen,"{'Antrieb': 'Vorderrad', 'CO₂-Ausstoß': '108 g/km', 'Hubraum': '1.968 ccm', 'max. Anhängelast': '1.800 kg', 'Zylinder': '4', 'Anzahl Türen': '5', 'Anzahl Sitze': '5', 'Verbrauch': '4,20 l/100km', 'Außenfarbe': 'Weiß', 'Abgasnorm': 'EURO 5', 'Metallic\xadlackierung': '', 'Gewährleistung': '', '§57a ""Pickerl""': '', 'Pickerl gültig bis': '5.2023', 'Servicegepflegt': ''}","['8-fach Bereift', 'ABS', 'Anhängerkupplung', 'Antriebsschlupfregelung (ASR)', 'Beifahrerairbags', 'Bluetooth / USB', 'Bordcomputer', 'CD Player', 'Einparkhilfe', 'elektr. Spiegel', 'Fahrerairbag', 'Freisprecheinrichtung', 'Frontscheibenheizung', 'ISOFIX', 'Klimaanlage', 'Klimaautomatik', 'Komfortfahrwerk', 'Kurvenfahrlicht', 'Lederausstattung', 'Lederlenkrad', 'LED-Scheinwerfer', 'Leichtmetall-/Alufelgen', 'Lichtsensor', 'Media-Interface / mp3', 'Metallic-Lackierung', 'Mittelarmlehne', 'Multifunktionslenkrad', 'Navigationssystem', 'Nichtraucherfahrzeug', 'Parksensor hinten', 'Radio', 'Regensensor', 'Reifendrucksensor', 'Seitenairbags', 'Servicegepflegt', 'Servolenkung', 'Sitzheizung', 'Sportpaket', 'Sportsitze', 'Stabilitätsprogramme (ESP)', 'Start/Stopp-Automatik', 'Tagfahrlicht', 'Tempomat', 'Winterpaket', 'Xenon', 'Zentralverriegelung']"
Audi A4 AVANT B8 TFSI Kombi / Family Van,€ 26.800,"Wiesstrasse 11 5161 Elixhausen Salzburg-Umgebung, Salzburg ",08/2017,73.800 km,150 PS (110 kW),Benzin,Automatik,Kombi / Family Van,NaN,Gebrauchtwagen,"{'Antrieb': 'Vorderrad', 'Anzahl Türen': '5', 'Anzahl Sitze': '5', 'Außenfarbe': 'Sonstige', 'Metallic\xadlackierung': '', '§57a ""Pickerl""': '', 'Pickerl gültig bis': '12.2023', 'Servicegepflegt': ''}","['ABS', 'Alarmanlage', 'Anhängerkupplung', 'Antriebsschlupfregelung (ASR)', 'Aut. Heckklappe', 'Beifahrerairbags', 'Bluetooth / USB', 'Bordcomputer', 'Dachgepäckträger', 'Dachreling', 'Einparkhilfe', 'elektr. Fensterheber', 'elektr. Sitze', 'elektr. Spiegel', 'Fahrerairbag', 'Freisprecheinrichtung', 'Handy induktiv laden', 'ISOFIX', 'Klimaanlage', 'Klimaautomatik', 'Kollisionswarner', 'Lederlenkrad', 'LED-Scheinwerfer', 'Leichtmetall-/Alufelgen', 'Lichtsensor', 'Lordosenstütze', 'Media-Interface / mp3', 'Metallic-Lackierung', 'Mittelarmlehne', 'Multifunktionslenkrad', 'Navigationssystem', 'Nichtraucherfahrzeug', 'Notbremsassistent', 'Notrufsystem', 'Parksensor hinten', 'Radio', 'Regensensor', 'Reifendrucksensor', 'Schaltwippen', 'Seitenairbags', 'Servicegepflegt', 'Servolenkung', 'Sitzheizung', 'Sperrdifferential', 'Sportpaket', 'Sportsitze', 'Stabilitätsprogramme (ESP)', 'Start/Stopp-Automatik', 'Tagfahrlicht', 'Tempomat', 'Xenon', 'Zentralverriegelung']"
(reserviert) Audi A6 allroad 3.0 BiTdi Kombi / Family Van,Reserviert,"Handelszentrum 5 5101 Bergheim Salzburg-Umgebung, Salzburg ",05/2013,325.000 km,313 PS (230 kW),Diesel,Automatik,Kombi / Family Van,3,Gebrauchtwagen,"{'Antrieb': 'Allrad', 'Anzahl Türen': '5', 'Anzahl Sitze': '5', 'Außenfarbe': 'Schwarz', 'Metallic\xadlackierung': '', '§57a ""Pickerl""': '', 'Pickerl gültig bis': '05.2023', 'Servicegepflegt': ''}","['8-fach Bereift', 'ABS', 'Abstandstempomat', 'Anhängerkupplung', 'Antriebsschlupfregelung (ASR)', 'Aut. Heckklappe', 'Beifahrerairbags', 'Bluetooth / USB', 'Bordcomputer', 'CD Player', 'Dachreling', 'Einparkhilfe', 'elektr. Fensterheber', 'elektr. Sitze', 'elektr. Spiegel', 'Fahrerairbag', 'Fernlichtassistent', 'Freisprecheinrichtung', 'ISOFIX', 'Klimaanlage', 'Klimaautomatik', 'Kollisionswarner', 'Komfortfahrwerk', 'Kopfairbags', 'Kurvenfahrlicht', 'Lederausstattung', 'Lederlenkrad', 'LED-Scheinwerfer', 'Leichtmetall-/Alufelgen', 'Lenkradheizung', 'Lichtsensor', 'Lordosenstütze', 'Media-Interface / mp3', 'Metallic-Lackierung', 'Mittelarmlehne', 'Multifunktionslenkrad', 'Navigationssystem', 'Nebelscheinwerfer', 'Nichtraucherfahrzeug', 'Notbremsassistent', 'Panoramadach', 'Parksensor hinten', 'Parksensor vorne & hinten', 'Radio', 'Regensensor', 'Reifendrucksensor', 'Rückfahrkamera', 'Schaltwippen', 'Schiebedach', 'Schisack', 'Seitenairbags', 'Servicegepflegt', 'Servolenkung', 'Sitzheizung', 'Sperrdifferential', 'Sportfahrwerk', 'Sportpaket', 'Sportsitze', 'Stabilitätsprogramme (ESP)', 'Standheizung', 'Start/Stopp-Automatik', 'Tagfahrlicht', 'Tempomat', 'Winterpaket', 'Zentralverriegelung']"
Audi TT Audi TT 8J Sportwagen / Coupé,€ 15.200,"3430 Tulln an der Donau Tulln, Niederösterreich ",03/2007,202.000 km,200 PS (147 kW),Benzin,Automatik,Sportwagen / Coupé,2,Gebrauchtwagen,"{'Antrieb': 'Vorderrad', 'Anzahl Türen': '3', 'Anzahl Sitze': '2', 'Außenfarbe': 'Blau', '§57a ""Pickerl""': '', 'Pickerl gültig bis': '03.2024', 'Servicegepflegt': ''}","['ABS', 'Alarmanlage', 'Antriebsschlupfregelung (ASR)', 'Beifahrerairbags', 'Bluetooth / USB', 'CD Player', 'elektr. Fensterheber', 'Fahrerairbag', 'ISOFIX', 'Klimaanlage', 'Klimaautomatik', 'Lederausstattung', 'Lederlenkrad', 'Leichtmetall-/Alufelgen', 'Lichtsensor', 'Nichtraucherfahrzeug', 'Parksensor hinten', 'Radio', 'Regensensor', 'Schaltwippen', 'Servicegepflegt', 'Servolenkung', 'Sportfahrwerk', 'Sportpaket', 'Sportsitze', 'Stabilitätsprogramme (ESP)', 'Tagfahrlicht', 'Tempomat', 'Xenon', 'Zentralverriegelung']"
"Audi A3 1,9 TDI Klein-/ Kompaktwagen",€ 3.690,"1220 Wien, 22. Bezirk, Donaustadt ",06/2005,233.000 km,105 PS (77 kW),Diesel,Schaltgetriebe,Klein-/ Kompaktwagen,2,Gebrauchtwagen,"{'Antrieb': 'Vorderrad', 'Anzahl Türen': '3', 'Anzahl Sitze': '3', 'Außenfarbe': 'Schwarz', '§57a ""Pickerl""': '', 'Pickerl gültig bis': '06.2023', 'Servicegepflegt': ''}","['ABS', 'Alarmanlage', 'Beifahrerairbags', 'Bordcomputer', 'CD Player', 'elektr. Fensterheber', 'elektr. Spiegel', 'Fahrerairbag', 'Klimaanlage', 'Klimaautomatik', 'Kopfairbags', 'Lederlenkrad', 'Leichtmetall-/Alufelgen', 'Mittelarmlehne', 'Nebelscheinwerfer', 'Nichtraucherfahrzeug', 'Radio', 'Servicegepflegt', 'Servolenkung', 'Zentralverriegelung']"
Audi A4 S line Sportpaket/plus Avant (8K5) *ROSTFREI* Kombi / Family Van,€ 9.990,"Bahnhofstraße 15 4752 Riedau Schärding, Oberösterreich ",10/2009,204.000 km,143 PS (105 kW),Diesel,Automatik,Kombi / Family Van,NaN,Gebrauchtwagen,"{'Antrieb': 'Vorderrad', 'Anzahl Türen': '5', 'Anzahl Sitze': '5', 'Außenfarbe': 'Schwarz', 'Metallic\xadlackierung': '', 'Gewährleistung': '', '§57a ""Pickerl""': '', 'Pickerl gültig bis': '10.2023'}","['ABS', 'Aut. Heckklappe', 'Beifahrerairbags', 'Bordcomputer', 'Dachreling', 'elektr. Fensterheber', 'elektr. Spiegel', 'Fahrerairbag', 'ISOFIX', 'Klimaanlage', 'Klimaautomatik', 'Lederausstattung', 'Lederlenkrad', 'Leichtmetall-/Alufelgen', 'Metallic-Lackierung', 'Mittelarmlehne', 'Multifunktionslenkrad', 'Nebelscheinwerfer', 'Parksensor hinten', 'Radio', 'Seitenairbags', 'Servolenkung', 'Sportfahrwerk', 'Sportpaket', 'Sportsitze', 'Xenon', 'Zentralverriegelung']"
Audi A1 1.2 TFSI Sportback Limousine,€ 9.790,"2511 Pfaffstätten Baden, Niederösterreich ",07/2012,107.000 km,86 PS (63 kW),Benzin,Schaltgetriebe,Limousine,1,Gebrauchtwagen,"{'Antrieb': 'Vorderrad', 'Außenfarbe': 'Weiß', 'Anzahl Türen': '5', 'Anzahl Sitze': '4', '§57a ""Pickerl""': ''}",
Audi A5 Audi A5 Sportback 2.0 TDI sport S-tronic Limousine,€ 32.100,8073 Graz Steiermark ,02/2017,49.500 km,190 PS (140 kW),Diesel,Automatik,Limousine,NaN,Gebrauchtwagen,"{'Antrieb': 'Vorderrad', 'Anzahl Türen': '5', 'Anzahl Sitze': '4', 'Außenfarbe': 'Grau', 'Metallic\xadlackierung': '', '§57a ""Pickerl""': '', 'Pickerl gültig bis': '05.2023', 'Servicegepflegt': ''}","['8-fach Bereift', 'ABS', 'Antriebsschlupfregelung (ASR)', 'Apple CarPlay', 'Aut. Heckklappe', 'Beifahrerairbags', 'Bluetooth / USB', 'Bordcomputer', 'CD Player', 'Einparkhilfe', 'elektr. Fensterheber', 'Fahrerairbag', 'Fernlichtassistent', 'Freisprecheinrichtung', 'ISOFIX', 'Klimaanlage', 'Kopfairbags', 'Kurvenfahrlicht', 'Lederlenkrad', 'LED-Scheinwerfer', 'Leichtmetall-/Alufelgen', 'Lichtsensor', 'Metallic-Lackierung', 'Mittelarmlehne', 'Multifunktionslenkrad', 'Navigationssystem', 'Nichtraucherfahrzeug', 'Parksensor hinten', 'Parksensor vorne & hinten', 'Radio', 'Regensensor', 'Reifendrucksensor', 'Schaltwippen', 'Seitenairbags', 'Servicegepflegt', 'Servolenkung', 'Sitzheizung', 'Sportpaket', 'Stabilitätsprogramme (ESP)', 'Start/Stopp-Automatik', 'Tagfahrlicht', 'Tempomat', 'Zentralverriegelung']"
"Audi TT TFSI 147KW Benzin 2,0 ccm 1.Besitz Sportwagen / Coupé",€ 16.950,"Strassäckerg. 10 8665 Langenwang Bruck-Mürzzuschlag, Steiermark ",06/2008,70.900 km,200 PS (147 kW),Benzin,Schaltgetriebe,Sportwagen / Coupé,1,Gebrauchtwagen,"{'Antrieb': 'Vorderrad', 'Anzahl Türen': '2', 'Anzahl Sitze': '4', 'Außenfarbe': 'Rot', '§57a ""Pickerl""': '', 'Pickerl gültig bis': '06.2023', 'Servicegepflegt': ''}","['8-fach Bereift', 'ABS', 'Alarmanlage', 'Antriebsschlupfregelung (ASR)', 'Beifahrerairbags', 'Bordcomputer', 'CD Player', 'Einparkhilfe', 'elektr. Fensterheber', 'elektr. Spiegel', 'Fahrerairbag', 'Freisprecheinrichtung', 'Frontscheibenheizung', 'ISOFIX', 'Keyless entry', 'Klimaanlage', 'Klimaautomatik', 'Lederausstattung', 'Lederlenkrad', 'Leichtmetall-/Alufelgen', 'Lordosenstütze', 'Mittelarmlehne', 'Multifunktionslenkrad', 'Nebelscheinwerfer', 'Nichtraucherfahrzeug', 'Parksensor hinten', 'Radio', 'Reifendrucksensor', 'Seitenairbags', 'Servicegepflegt', 'Servolenkung', 'Sitzheizung', 'Sportfahrwerk', 'Sportpaket', 'Sportsitze', 'Stabilitätsprogramme (ESP)', 'Tagfahrlicht', 'Tempomat', 'Xenon', 'Zentralverriegelung']"
"Audi A1 SB 30 TFSI LED Scheinwerfer, Virtual Cockpit, Sitzheizung Limousine",€ 22.490,"Untergreith 159 8160 Untergreith Weiz, Steiermark ",7/2021,4.466 km,110 PS (81 kW),Benzin,Schaltgetriebe,Limousine,NaN,Gebrauchtwagen,"{'Antrieb': 'Vorderrad', 'CO₂-Ausstoß': '124 g/km', 'Hubraum': '999 ccm', 'Zylinder': '3', 'Anzahl Türen': '5', 'Anzahl Sitze': '4', 'Außenfarbe': 'Weiß', 'Abgasnorm': 'EURO 6', 'Gewährleistung': '', '§57a ""Pickerl""': '', 'Pickerl gültig bis': '7.2024', 'Garantie': '', 'Leasingfähig': '', 'MwSt. ausweisbar': ''}","['ABS', 'Beifahrerairbags', 'Bluetooth / USB', 'Bordcomputer', 'Einparkhilfe', 'elektr. Fensterheber', 'elektr. Spiegel', 'Fahrerairbag', 'Freisprecheinrichtung', 'Klimaanlage', 'Klimaautomatik', 'Leasingfähig', 'LED-Scheinwerfer', 'Leichtmetall-/Alufelgen', 'Lichtsensor', 'Lordosenstütze', 'Mittelarmlehne', 'Multifunktionslenkrad', 'MwSt. ausweisbar', 'Nichtraucherfahrzeug', 'Notbremsassistent', 'Parksensor hinten', 'Radio', 'Servolenkung', 'Sitzheizung', 'Sportsitze', 'Winterpaket', 'Zentralverriegelung']"
"Audi A4 3,0 TDI quattro DPF Aut. Limousine",€ 13.490,Sonnhalberweg 23 9400 Wolfsberg Kärnten ,3/2009,201.435 km,239 PS (176 kW),Diesel,Automatik,Limousine,2,Gebrauchtwagen,"{'Antrieb': 'Allrad', 'CO₂-Ausstoß': '182 g/km', 'Hubraum': '2.967 ccm', 'max. Anhängelast': '1.900 kg', 'Zylinder': '6', 'Anzahl Türen': '4', 'Anzahl Sitze': '5', 'Verbrauch': '6,90 l/100km', 'Außenfarbe': 'Grau', 'Abgasnorm': 'EURO 5', 'Metallic\xadlackierung': '', 'Gewährleistung': '', '§57a ""Pickerl""': '', 'Pickerl gültig bis': '3.2024', 'Servicegepflegt': ''}","['8-fach Bereift', 'ABS', 'Abstandstempomat', 'Alarmanlage', 'Antriebsschlupfregelung (ASR)', 'Beifahrerairbags', 'Bluetooth / USB', 'Bordcomputer', 'CD Player', 'elektr. Fensterheber', 'elektr. Sitze', 'elektr. Spiegel', 'Fahrerairbag', 'Freisprecheinrichtung', 'ISOFIX', 'Klimaanlage', 'Klimaautomatik', 'Kollisionswarner', 'Kopfairbags', 'Lederausstattung', 'Lederlenkrad', 'Leichtmetall-/Alufelgen', 'Lichtsensor', 'Media-Interface / mp3', 'Metallic-Lackierung', 'Mittelarmlehne', 'Multifunktionslenkrad', 'Navigationssystem', 'Nebelscheinwerfer', 'Nichtraucherfahrzeug', 'Notbremsassistent', 'Parksensor hinten', 'Parksensor vorne & hinten', 'Radio', 'Regensensor', 'Reifendrucksensor', 'Rückfahrkamera', 'Schaltwippen', 'Schisack', 'Seitenairbags', 'Servicegepflegt', 'Servolenkung', 'Sitzheizung', 'Sportsitze', 'Stabilitätsprogramme (ESP)', 'Standheizung', 'Start/Stopp-Automatik', 'Tagfahrlicht', 'Tempomat', 'Totwinkelassistent', 'Winterpaket', 'Xenon', 'Zentralverriegelung']"
Audi Q3 Sportback 35 TDI quattro S-line S-tronic *Audi-Exklusiv* SUV / Geländewagen,€ 45.000,Franz Zeissl Straße 4 2100 Korneuburg Niederösterreich ,10/2021,43.000 km,150 PS (110 kW),Diesel,Automatik,SUV / Geländewagen,1,Gebrauchtwagen,"{'Antrieb': 'Allrad', 'Hubraum': '1.968 ccm', 'Zylinder': '4', 'Anzahl Sitze': '5', 'Außenfarbe': 'Silber', 'Anzahl Türen': '5', 'Metallic\xadlackierung': '', '§57a ""Pickerl""': '', 'Pickerl gültig bis': '10.2024', 'Garantie': '', 'Gewährleistung': '', 'Servicegepflegt': ''}","['8-fach Bereift', 'ABS', 'Abstandstempomat', 'Alarmanlage', 'Android Auto', 'Antriebsschlupfregelung (ASR)', 'Apple CarPlay', 'Aut. Heckklappe', 'Beifahrerairbags', 'Bluetooth / USB', 'Bordcomputer', 'CD Player', 'Dachreling', 'Einparkhilfe', 'elektr. Fensterheber', 'elektr. Sitze', 'elektr. Spiegel', 'Fahrerairbag', 'Fernlichtassistent', 'Freisprecheinrichtung', 'Handy induktiv laden', 'ISOFIX', 'Keyless entry', 'Klimaanlage', 'Klimaautomatik', 'Kollisionswarner', 'Komfortfahrwerk', 'Kopfairbags', 'Kurvenfahrlicht', 'Laserlicht', 'Lederausstattung', 'Lederlenkrad', 'LED-Scheinwerfer', 'Leichtmetall-/Alufelgen', 'Lichtsensor', 'Lordosenstütze', 'Media-Interface / mp3', 'Metallic-Lackierung', 'Mittelarmlehne', 'Multifunktionslenkrad', 'Navigationssystem', 'Nebelscheinwerfer', 'Nichtraucherfahrzeug', 'Notbremsassistent', 'Notrufsystem', 'Panoramadach', 'Parksensor hinten', 'Parksensor vorne & hinten', 'Radio', 'Regensensor', 'Reifendrucksensor', 'Rückfahrkamera', 'Schaltwippen', 'Schiebedach', 'Seitenairbags', 'Servicegepflegt', 'Servolenkung', 'Sitzheizung', 'Sperrdifferential', 'Sportfahrwerk', 'Sportpaket', 'Sportsitze', 'Spurhalteassistent', 'Stabilitätsprogramme (ESP)', 'Start/Stopp-Automatik', 'Tagfahrlicht', 'Teilautonomes Fahren', 'Tempomat', 'Totwinkelassistent', 'Winterpaket', 'Zentralverriegelung']"
"Audi TT Audi TT 8N - 1,8 Turbo Quattro Cabrio / Roadster",€ 9.999,7000 Eisenstadt Burgenland ,01/2000,127.000 km,178 PS (131 kW),Benzin,Schaltgetriebe,Cabrio / Roadster,2,Gebrauchtwagen,"{'Antrieb': 'Allrad', 'Anzahl Türen': '3', 'Anzahl Sitze': '4', 'Außenfarbe': 'Silber', 'Metallic\xadlackierung': '', '§57a ""Pickerl""': '', 'Pickerl gültig bis': '01.2024'}","['8-fach Bereift', 'ABS', 'Antriebsschlupfregelung (ASR)', 'CD Player', 'elektr. Fensterheber', 'elektr. Spiegel', 'Fahrerairbag', 'Klimaanlage', 'Klimaautomatik', 'Metallic-Lackierung', 'Multifunktionslenkrad', 'Nebelscheinwerfer', 'Nichtraucherfahrzeug', 'Radio', 'Stabilitätsprogramme (ESP)', 'Xenon', 'Zentralverriegelung']"
"Audi A3 1,6 TDI Limousine",€ 23.990,Graz 8053 Graz Steiermark ,10/2018,108.960 km,116 PS (85 kW),Diesel,Schaltgetriebe,Limousine,2,Gebrauchtwagen,"{'Antrieb': 'Vorderrad', 'CO₂-Ausstoß': '104 g/km', 'Zylinder': '4', 'Anzahl Türen': '4', 'Anzahl Sitze': '5', 'Verbrauch': '4 l/100km', 'Außenfarbe': 'Grau', 'Abgasnorm': 'EURO 6', 'Metallic\xadlackierung': '', 'Gewährleistung': '', '§57a ""Pickerl""': '', 'Pickerl gültig bis': '10.2023', 'Garantie': '', 'Leasingfähig': ''}","['ABS', 'Alarmanlage', 'Antriebsschlupfregelung (ASR)', 'Bluetooth / USB', 'Bordcomputer', 'CD Player', 'elektr. Fensterheber', 'elektr. Spiegel', 'Fahrerairbag', 'Freisprecheinrichtung', 'Frontscheibenheizung', 'ISOFIX', 'Klimaanlage', 'Kopfairbags', 'Leasingfähig', 'Lederlenkrad', 'LED-Scheinwerfer', 'Leichtmetall-/Alufelgen', 'Media-Interface / mp3', 'Metallic-Lackierung', 'Mittelarmlehne', 'Multifunktionslenkrad', 'Navigationssystem', 'Nichtraucherfahrzeug', 'Radio', 'Regensensor', 'Reifendrucksensor', 'Seitenairbags', 'Servolenkung', 'Stabilitätsprogramme (ESP)', 'Tempomat', 'Xenon', 'Zentralverriegelung']"
Audi A6 S 6 Limousine,€ 16.500,7210 Mattersburg Burgenland ,07/2000,90.840 km,340 PS (250 kW),Benzin,Automatik,Limousine,NaN,Gebrauchtwagen,"{'Antrieb': 'Allrad', 'Anzahl Türen': '5', 'Anzahl Sitze': '5', 'Außenfarbe': 'Blau', 'Metallic\xadlackierung': '', '§57a ""Pickerl""': '', 'Pickerl gültig bis': '07.2023', 'Servicegepflegt': ''}","['8-fach Bereift', 'ABS', 'Alarmanlage', 'Antriebsschlupfregelung (ASR)', 'Beifahrerairbags', 'Bluetooth / USB', 'Bordcomputer', 'CD Player', 'Einparkhilfe', 'elektr. Fensterheber', 'elektr. Sitze', 'elektr. Spiegel', 'Fahrerairbag', 'Fernlichtassistent', 'Freisprecheinrichtung', 'Klimaanlage', 'Klimaautomatik', 'Kopfairbags', 'Lederausstattung', 'Lederlenkrad', 'Leichtmetall-/Alufelgen', 'Lichtsensor', 'Metallic-Lackierung', 'Mittelarmlehne', 'Multifunktionslenkrad', 'Navigationssystem', 'Nebelscheinwerfer', 'Nichtraucherfahrzeug', 'Notrufsystem', 'Parksensor hinten', 'Parksensor vorne & hinten', 'Radio', 'Regensensor', 'Reifendrucksensor', 'Seitenairbags', 'Servicegepflegt', 'Servolenkung', 'Sitzheizung', 'Sportfahrwerk', 'Sportpaket', 'Sportsitze', 'Stabilitätsprogramme (ESP)', 'Tagfahrlicht', 'Tempomat', 'Winterpaket', 'Xenon', 'Zentralverriegelung']"
Audi A4 Avant 3.0 TDI Quattro Kombi / Family Van,€ 24.000,"Unter der Leiten 8 5020 Salzburg Salzburg Stadt, Salzburg ",03/2017,147.000 km,218 PS (160 kW),Diesel,Automatik,Kombi / Family Van,2,Gebrauchtwagen,"{'Antrieb': 'Allrad', 'Anzahl Türen': '5', 'Anzahl Sitze': '5', 'Außenfarbe': 'Schwarz', 'Metallic\xadlackierung': '', '§57a ""Pickerl""': '', 'Pickerl gültig bis': '11.2023', 'Servicegepflegt': ''}","['8-fach Bereift', 'ABS', 'Alarmanlage', 'Antriebsschlupfregelung (ASR)', 'Aut. Heckklappe', 'Beifahrerairbags', 'Bluetooth / USB', 'Bordcomputer', 'Dachreling', 'Einparkhilfe', 'elektr. Fensterheber', 'elektr. Spiegel', 'Fahrerairbag', 'Freisprecheinrichtung', 'Klimaanlage', 'Klimaautomatik', 'Kollisionswarner', 'Komfortfahrwerk', 'Lederlenkrad', 'Leichtmetall-/Alufelgen', 'Metallic-Lackierung', 'Mittelarmlehne', 'Multifunktionslenkrad', 'Navigationssystem', 'Nebelscheinwerfer', 'Nichtraucherfahrzeug', 'Notbremsassistent', 'Panoramadach', 'Parksensor hinten', 'Parksensor vorne & hinten', 'Reifendrucksensor', 'Schaltwippen', 'Schiebedach', 'Seitenairbags', 'Servicegepflegt', 'Servolenkung', 'Stabilitätsprogramme (ESP)', 'Start/Stopp-Automatik', 'Tagfahrlicht', 'Tempomat', 'Xenon', 'Zentralverriegelung']"
Audi A4 Avant 2.0 Kombi / Family Van,€ 14.990,4780 Schärding Oberösterreich ,08/2016,223.000 km,150 PS (110 kW),Diesel,Automatik,Kombi / Family Van,2,Gebrauchtwagen,"{'Antrieb': 'Vorderrad', 'Anzahl Türen': '5', 'Anzahl Sitze': '5', 'Außenfarbe': 'Weiß', '§57a ""Pickerl""': '', 'Pickerl gültig bis': '08.2023', 'Servicegepflegt': ''}","['8-fach Bereift', 'ABS', 'Alarmanlage', 'Antriebsschlupfregelung (ASR)', 'Apple CarPlay', 'Aut. Heckklappe', 'Beifahrerairbags', 'Bluetooth / USB', 'Bordcomputer', 'CD Player', 'Dachreling', 'Einparkhilfe', 'elektr. Fensterheber', 'elektr. Sitze', 'elektr. Spiegel', 'Fahrerairbag', 'Freisprecheinrichtung', 'Handy induktiv laden', 'ISOFIX', 'Keyless entry', 'Klimaanlage', 'Klimaautomatik', 'Kollisionswarner', 'Kurvenfahrlicht', 'Laserlicht', 'Lederlenkrad', 'LED-Scheinwerfer', 'Leichtmetall-/Alufelgen', 'Media-Interface / mp3', 'Mittelarmlehne', 'Multifunktionslenkrad', 'Navigationssystem', 'Notbremsassistent', 'Panoramadach', 'Parksensor hinten', 'Parksensor vorne & hinten', 'Radio', 'Regensensor', 'Reifendrucksensor', 'Schaltwippen', 'Schiebedach', 'Seitenairbags', 'Servicegepflegt', 'Servolenkung', 'Sitzheizung', 'Stabilitätsprogramme (ESP)', 'Tagfahrlicht', 'Tempomat', 'Zentralverriegelung']"
Audi e-tron AUDI E-TRON 55 - S-LINE SUV / Geländewagen,€ 65.900,"5023 Salzburg Salzburg Stadt, Salzburg ",03/2021,72.500 km,408 PS (300 kW),Elektro,Automatik,SUV / Geländewagen,NaN,Gebrauchtwagen,"{'Antrieb': 'Allrad', 'Anzahl Türen': '5', 'Anzahl Sitze': '5', 'Außenfarbe': 'Schwarz', 'Metallic\xadlackierung': '', 'Leasingfähig': '', 'Servicegepflegt': ''}","['Abstandstempomat', 'Anhängerkupplung', 'Antriebsschlupfregelung (ASR)', 'Aut. Heckklappe', 'Beifahrerairbags', 'Bluetooth / USB', 'Bordcomputer', 'Dachreling', 'Einparkhilfe', 'elektr. Fensterheber', 'elektr. Sitze', 'elektr. Spiegel', 'Fahrerairbag', 'Fernlichtassistent', 'Freisprecheinrichtung', 'Handy induktiv laden', 'ISOFIX', 'Keyless entry', 'Klimaanlage', 'Klimaautomatik', 'Kollisionswarner', 'Komfortfahrwerk', 'Leasingfähig', 'Lederausstattung', 'Lederlenkrad', 'LED-Scheinwerfer', 'Leichtmetall-/Alufelgen', 'Metallic-Lackierung', 'Mittelarmlehne', 'Multifunktionslenkrad', 'Navigationssystem', 'Nichtraucherfahrzeug', 'Notbremsassistent', 'Panoramadach', 'Parksensor hinten', 'Parksensor vorne & hinten', 'Regensensor', 'Reifendrucksensor', 'Rückfahrkamera', 'Schaltwippen', 'Servicegepflegt', 'Servolenkung', 'Sitzheizung', 'Sportsitze', 'Teilautonomes Fahren', 'Tempomat', 'Zentralverriegelung']"
Audi A5 2.0 tdi 177 PS Limousine,€ 16.300,"Wien 1010 Wien, 01. Bezirk, Innere Stadt ",10/2014,174.000 km,177 PS (130 kW),Diesel,Schaltgetriebe,Limousine,NaN,Gebrauchtwagen,"{'Antrieb': 'Vorderrad', 'Außenfarbe': 'Silber', 'Anzahl Türen': '4', 'Anzahl Sitze': '5', '§57a ""Pickerl""': '', 'Pickerl gültig bis': '10.2023'}",
"Audi A5 S5 3,0 TFSI quattro Aut. Finanzierung möglich Sportwagen / Coupé",€ 23.490,"Gewerbestraße 7 5300 Hallwang Salzburg-Umgebung, Salzburg ",4/2014,198.000 km,333 PS (245 kW),Benzin,Automatik,Sportwagen / Coupé,NaN,Gebrauchtwagen,"{'Antrieb': 'Allrad', 'CO₂-Ausstoß': '190 g/km', 'Hubraum': '2.995 ccm', 'max. Anhängelast': '1.900 kg', 'Zylinder': '6', 'Anzahl Türen': '2', 'Anzahl Sitze': '5', 'Verbrauch': '8,10 l/100km', 'Außenfarbe': 'Schwarz', 'Abgasnorm': 'EURO 5', 'Metallic\xadlackierung': '', 'Gewährleistung': '', '§57a ""Pickerl""': '', 'Pickerl gültig bis': '4.2023'}","['8-fach Bereift', 'ABS', 'Alarmanlage', 'Antriebsschlupfregelung (ASR)', 'Bluetooth / USB', 'Bordcomputer', 'CD Player', 'elektr. Fensterheber', 'elektr. Sitze', 'elektr. Spiegel', 'Freisprecheinrichtung', 'ISOFIX', 'Klimaanlage', 'Klimaautomatik', 'Kopfairbags', 'Lederausstattung', 'Lederlenkrad', 'LED-Scheinwerfer', 'Leichtmetall-/Alufelgen', 'Lichtsensor', 'Lordosenstütze', 'Metallic-Lackierung', 'Mittelarmlehne', 'Multifunktionslenkrad', 'Navigationssystem', 'Nebelscheinwerfer', 'Parksensor hinten', 'Parksensor vorne & hinten', 'Radio', 'Regensensor', 'Schaltwippen', 'Seitenairbags', 'Servolenkung', 'Sitzheizung', 'Sportfahrwerk', 'Sportpaket', 'Sportsitze', 'Spurhalteassistent', 'Stabilitätsprogramme (ESP)', 'Tagfahrlicht', 'Tempomat', 'Totwinkelassistent', 'Xenon', 'Zentralverriegelung']"
Audi A6 2.7 TDI 6-Gang Schalter Kombi / Family Van,€ 7.800,8380 Jennersdorf Burgenland ,07/2005,230.000 km,179 PS (132 kW),Diesel,Schaltgetriebe,Kombi / Family Van,NaN,Gebrauchtwagen,"{'Antrieb': 'Vorderrad', 'Anzahl Türen': '4', 'Anzahl Sitze': '5', 'Außenfarbe': 'Silber', 'Metallic\xadlackierung': '', '§57a ""Pickerl""': '', 'Pickerl gültig bis': '07.2023'}","['8-fach Bereift', 'ABS', 'Alarmanlage', 'Antriebsschlupfregelung (ASR)', 'Beifahrerairbags', 'Bordcomputer', 'CD Player', 'elektr. Fensterheber', 'elektr. Spiegel', 'Fahrerairbag', 'Klimaanlage', 'Klimaautomatik', 'Kopfairbags', 'Lederausstattung', 'Lederlenkrad', 'Leichtmetall-/Alufelgen', 'Metallic-Lackierung', 'Mittelarmlehne', 'Nebelscheinwerfer', 'Nichtraucherfahrzeug', 'Parksensor hinten', 'Parksensor vorne & hinten', 'Radio', 'Regensensor', 'Servolenkung', 'Sitzheizung', 'Stabilitätsprogramme (ESP)', 'Xenon', 'Zentralverriegelung']"
Audi A4 2.0 TDI Limousine,€ 6.200,"4060 Aichberg Linz Land, Oberösterreich ",01/2011,304.000 km,120 PS (88 kW),Diesel,Schaltgetriebe,Limousine,2,Gebrauchtwagen,"{'Antrieb': 'Vorderrad', 'Anzahl Türen': '5', 'Anzahl Sitze': '5', 'Außenfarbe': 'Schwarz', 'Metallic\xadlackierung': '', '§57a ""Pickerl""': '', 'Pickerl gültig bis': '01.2024', 'Servicegepflegt': ''}","['8-fach Bereift', 'ABS', 'Alarmanlage', 'Antriebsschlupfregelung (ASR)', 'Beifahrerairbags', 'Bluetooth / USB', 'Bordcomputer', 'CD Player', 'elektr. Fensterheber', 'elektr. Spiegel', 'Fahrerairbag', 'Frontscheibenheizung', 'Klimaanlage', 'Klimaautomatik', 'Lederlenkrad', 'Leichtmetall-/Alufelgen', 'Metallic-Lackierung', 'Mittelarmlehne', 'Nebelscheinwerfer', 'Nichtraucherfahrzeug', 'Notbremsassistent', 'Parksensor hinten', 'Radio', 'Servicegepflegt', 'Servolenkung', 'Stabilitätsprogramme (ESP)', 'Start/Stopp-Automatik', 'Tagfahrlicht', 'Tempomat', 'Zentralverriegelung']"
Audi TT 8N 1.8T Sportwagen / Coupé,€ 4.700,"3463 Starnwörth Korneuburg, Niederösterreich ",04/2003,240.000 km,179 PS (132 kW),Benzin,Schaltgetriebe,Sportwagen / Coupé,NaN,Gebrauchtwagen,"{'Antrieb': 'Allrad', 'Anzahl Türen': '3', 'Anzahl Sitze': '4', 'Außenfarbe': 'Schwarz', 'Metallic\xadlackierung': '', '§57a ""Pickerl""': '', 'Pickerl gültig bis': '04.2023'}","['ABS', 'Antriebsschlupfregelung (ASR)', 'Beifahrerairbags', 'Bluetooth / USB', 'elektr. Fensterheber', 'Klimaanlage', 'Klimaautomatik', 'Lederausstattung', 'Lederlenkrad', 'Leichtmetall-/Alufelgen', 'Metallic-Lackierung', 'Nebelscheinwerfer', 'Nichtraucherfahrzeug', 'Parksensor hinten', 'Radio', 'Servolenkung', 'Sitzheizung', 'Sportfahrwerk', 'Sportsitze', 'Stabilitätsprogramme (ESP)', 'Xenon', 'Zentralverriegelung']"
"Audi A1 1,2l Tfsi S-line Steuerkette Neu Klein-/ Kompaktwagen",€ 10.600,"3204 Kirchberg an der Pielach Sankt Pölten Land, Niederösterreich ",06/2013,128.000 km,86 PS (63 kW),Benzin,Schaltgetriebe,Klein-/ Kompaktwagen,2,Gebrauchtwagen,"{'Antrieb': 'Vorderrad', 'Anzahl Türen': '5', 'Anzahl Sitze': '5', 'Außenfarbe': 'Weiß', 'Metallic\xadlackierung': '', '§57a ""Pickerl""': '', 'Pickerl gültig bis': '06.2023'}","['8-fach Bereift', 'ABS', 'Antriebsschlupfregelung (ASR)', 'Beifahrerairbags', 'Bluetooth / USB', 'Bordcomputer', 'CD Player', 'elektr. Fensterheber', 'elektr. Spiegel', 'Fahrerairbag', 'Klimaanlage', 'Klimaautomatik', 'Lederlenkrad', 'Leichtmetall-/Alufelgen', 'Metallic-Lackierung', 'Mittelarmlehne', 'Multifunktionslenkrad', 'Nebelscheinwerfer', 'Nichtraucherfahrzeug', 'Radio', 'Servolenkung', 'Sitzheizung', 'Stabilitätsprogramme (ESP)', 'Xenon', 'Zentralverriegelung']"
"Audi A4 Avant 3,0 TDI QUATTRO Sport S-tronic S-Line MATRIX Virtual Cockpit AHK Finanzierung & Eintausch möglich Kombi / Family Van",€ 28.750,"Pasettistrasse 33 1200 Wien, 20. Bezirk, Brigittenau ",5/2017,149.999 km,218 PS (160 kW),Diesel,Automatik,Kombi / Family Van,NaN,Gebrauchtwagen,"{'Antrieb': 'Allrad', 'CO₂-Ausstoß': '123 g/km', 'Hubraum': '2.967 ccm', 'Zylinder': '6', 'Anzahl Türen': '5', 'Anzahl Sitze': '5', 'Verbrauch': '4,70 l/100km', 'Außenfarbe': 'Grau', 'Abgasnorm': 'EURO 6', 'Metallic\xadlackierung': '', 'Gewährleistung': '', '§57a ""Pickerl""': '', 'Pickerl gültig bis': '5.2023', 'Leasingfähig': '', 'Servicegepflegt': ''}","['ABS', 'Abstandstempomat', 'Alarmanlage', 'Android Auto', 'Anhängerkupplung', 'Antriebsschlupfregelung (ASR)', 'Apple CarPlay', 'Aut. Heckklappe', 'Beifahrerairbags', 'Bluetooth / USB', 'Bordcomputer', 'CD Player', 'Dachreling', 'Einparkhilfe', 'elektr. Fensterheber', 'elektr. Spiegel', 'Fahrerairbag', 'Fernlichtassistent', 'Freisprecheinrichtung', 'Handy induktiv laden', 'ISOFIX', 'Keyless entry', 'Klimaanlage', 'Klimaautomatik', 'Kollisionswarner', 'Komfortfahrwerk', 'Kopfairbags', 'Kurvenfahrlicht', 'Laserlicht', 'Leasingfähig', 'Lederausstattung', 'Lederlenkrad', 'LED-Scheinwerfer', 'Leichtmetall-/Alufelgen', 'Lichtsensor', 'Media-Interface / mp3', 'Metallic-Lackierung', 'Mittelarmlehne', 'Multifunktionslenkrad', 'Navigationssystem', 'Nebelscheinwerfer', 'Nichtraucherfahrzeug', 'Notbremsassistent', 'Notrufsystem', 'Parksensor hinten', 'Parksensor vorne & hinten', 'Radio', 'Regensensor', 'Rückfahrkamera', 'Schaltwippen', 'Schisack', 'Seitenairbags', 'Servicegepflegt', 'Servolenkung', 'Sitzheizung', 'Sportfahrwerk', 'Sportpaket', 'Sportsitze', 'Spurhalteassistent', 'Stabilitätsprogramme (ESP)', 'Start/Stopp-Automatik', 'Tagfahrlicht', 'Teilautonomes Fahren', 'Tempomat', 'Winterpaket', 'Xenon', 'Zentralverriegelung']"
Audi A7 3.0 BiTDI Quattro Sportwagen / Coupé,€ 26.490,4020 Linz Oberösterreich ,07/2012,212.600 km,313 PS (230 kW),Diesel,Automatik,Sportwagen / Coupé,NaN,Gebrauchtwagen,"{'Antrieb': 'Allrad', 'Anzahl Türen': '5', 'Anzahl Sitze': '4', 'Außenfarbe': 'Weiß', '§57a ""Pickerl""': '', 'Pickerl gültig bis': '11.2023', 'Servicegepflegt': ''}","['ABS', 'Alarmanlage', 'Antriebsschlupfregelung (ASR)', 'Aut. Heckklappe', 'Beifahrerairbags', 'Bluetooth / USB', 'Bordcomputer', 'CD Player', 'Einparkhilfe', 'elektr. Fensterheber', 'elektr. Spiegel', 'Fahrerairbag', 'Fernlichtassistent', 'Freisprecheinrichtung', 'ISOFIX', 'Klimaanlage', 'Klimaautomatik', 'Kopfairbags', 'Kurvenfahrlicht', 'Lederausstattung', 'Lederlenkrad', 'LED-Scheinwerfer', 'Leichtmetall-/Alufelgen', 'Lichtsensor', 'Lordosenstütze', 'Media-Interface / mp3', 'Mittelarmlehne', 'Multifunktionslenkrad', 'Navigationssystem', 'Nichtraucherfahrzeug', 'Parksensor hinten', 'Parksensor vorne & hinten', 'Radio', 'Regensensor', 'Reifendrucksensor', 'Schaltwippen', 'Seitenairbags', 'Servicegepflegt', 'Servolenkung', 'Sitzheizung', 'Sportfahrwerk', 'Sportpaket', 'Sportsitze', 'Stabilitätsprogramme (ESP)', 'Start/Stopp-Automatik', 'Tagfahrlicht', 'Tempomat', 'Zentralverriegelung']"
Audi Q3 SUV / Geländewagen,€ 13.500,"Oberravelsbach 3720 Oberravelsbach Hollabrunn, Niederösterreich ",08/2012,145.000 km,140 PS (103 kW),Diesel,Schaltgetriebe,SUV / Geländewagen,2,Gebrauchtwagen,"{'Antrieb': 'Allrad', 'Anzahl Türen': '5', 'Anzahl Sitze': '5', 'Außenfarbe': 'Schwarz', '§57a ""Pickerl""': '', 'Pickerl gültig bis': '08.2023'}","['8-fach Bereift', 'ABS', 'Anhängerkupplung', 'Antriebsschlupfregelung (ASR)', 'Beifahrerairbags', 'Einparkhilfe', 'elektr. Fensterheber', 'elektr. Spiegel', 'Fahrerairbag', 'Klimaanlage', 'Klimaautomatik', 'Lederausstattung', 'Lederlenkrad', 'Leichtmetall-/Alufelgen', 'Lordosenstütze', 'Mittelarmlehne', 'Nebelscheinwerfer', 'Nichtraucherfahrzeug', 'Parksensor hinten', 'Radio', 'Seitenairbags', 'Servolenkung', 'Sitzheizung', 'Start/Stopp-Automatik', 'Tagfahrlicht', 'Tempomat', 'Zentralverriegelung']"
Audi A4 allroad 2.0 Kombi / Family Van,€ 35.590,9020 Klagenfurt Kärnten ,10/2019,49.000 km,245 PS (180 kW),Hybrid Elektro/Benzin,Automatik,Kombi / Family Van,1,Gebrauchtwagen,"{'Antrieb': 'Allrad', 'Anzahl Türen': '5', 'Anzahl Sitze': '5', 'Außenfarbe': 'Schwarz', '§57a ""Pickerl""': '', 'Leasingfähig': ''}","['8-fach Bereift', 'Apple CarPlay', 'Aut. Heckklappe', 'Beifahrerairbags', 'Bluetooth / USB', 'Bordcomputer', 'CD Player', 'Einparkhilfe', 'elektr. Fensterheber', 'elektr. Spiegel', 'Freisprecheinrichtung', 'Keyless entry', 'Klimaanlage', 'Leasingfähig', 'Leichtmetall-/Alufelgen', 'Mittelarmlehne', 'Multifunktionslenkrad', 'Navigationssystem', 'Nebelscheinwerfer', 'Notbremsassistent', 'Parksensor hinten', 'Parksensor vorne & hinten', 'Radio', 'Regensensor', 'Schaltwippen', 'Sitzheizung', 'Start/Stopp-Automatik', 'Tagfahrlicht', 'Tempomat', 'Xenon', 'Zentralverriegelung']"
Audi A4 Audi A4 Avant 2.0 TDI Kombi / Family Van,€ 26.999,"Industriegebiet 16 3261 Zarnsdorf Scheibbs, Niederösterreich ",02/2017,84.000 km,190 PS (140 kW),Diesel,Automatik,Kombi / Family Van,2,Gebrauchtwagen,"{'Antrieb': 'Allrad', 'Anzahl Türen': '5', 'Anzahl Sitze': '5', 'Außenfarbe': 'Silber', 'Metallic\xadlackierung': '', '§57a ""Pickerl""': '', 'Pickerl gültig bis': '02.2024', 'Servicegepflegt': ''}","['8-fach Bereift', 'ABS', 'Abstandstempomat', 'Alarmanlage', 'Android Auto', 'Antriebsschlupfregelung (ASR)', 'Aut. Heckklappe', 'Bluetooth / USB', 'Bordcomputer', 'Einparkhilfe', 'elektr. Fensterheber', 'elektr. Sitze', 'elektr. Spiegel', 'Fahrerairbag', 'Fernlichtassistent', 'Freisprecheinrichtung', 'Head-Up-Display', 'ISOFIX', 'Klimaanlage', 'Klimaautomatik', 'Lederausstattung', 'LED-Scheinwerfer', 'Leichtmetall-/Alufelgen', 'Lichtsensor', 'Media-Interface / mp3', 'Metallic-Lackierung', 'Multifunktionslenkrad', 'Navigationssystem', 'Nichtraucherfahrzeug', 'Notbremsassistent', 'Notrufsystem', 'Panoramadach', 'Parksensor hinten', 'Parksensor vorne & hinten', 'Radio', 'Regensensor', 'Reifendrucksensor', 'Rückfahrkamera', 'Schaltwippen', 'Schiebedach', 'Servicegepflegt', 'Servolenkung', 'Sitzheizung', 'Sportpaket', 'Stabilitätsprogramme (ESP)', 'Standheizung', 'Start/Stopp-Automatik', 'Tagfahrlicht', 'Tempomat', 'Totwinkelassistent', 'Zentralverriegelung']"
"Audi A4 Avant 2,0 TDI quattro DPF S-tronic-NAVI-XENON-ACC Kombi / Family Van",€ 16.490,"Schützing 21 8333 Riegersburg Südoststeiermark, Steiermark ",6/2014,158.610 km,177 PS (130 kW),Diesel,Automatik,Kombi / Family Van,NaN,Gebrauchtwagen,"{'Antrieb': 'Allrad', 'CO₂-Ausstoß': '144 g/km', 'Hubraum': '1.968 ccm', 'max. Anhängelast': '1.600 kg', 'Zylinder': '4', 'Anzahl Türen': '5', 'Anzahl Sitze': '5', 'Verbrauch': '5,30 l/100km', 'Außenfarbe': 'Grau', 'Abgasnorm': 'EURO 5', 'Metallic\xadlackierung': '', 'Gewährleistung': '', '§57a ""Pickerl""': '', 'Pickerl gültig bis': '6.2023', 'Servicegepflegt': ''}","['ABS', 'Abstandstempomat', 'Alarmanlage', 'Antriebsschlupfregelung (ASR)', 'Beifahrerairbags', 'Bluetooth / USB', 'CD Player', 'Dachreling', 'Einparkhilfe', 'elektr. Fensterheber', 'elektr. Sitze', 'elektr. Spiegel', 'Fahrerairbag', 'Freisprecheinrichtung', 'ISOFIX', 'Klimaanlage', 'Klimaautomatik', 'Kollisionswarner', 'Komfortfahrwerk', 'Kopfairbags', 'Kurvenfahrlicht', 'LED-Scheinwerfer', 'Leichtmetall-/Alufelgen', 'Lichtsensor', 'Lordosenstütze', 'Media-Interface / mp3', 'Metallic-Lackierung', 'Mittelarmlehne', 'Multifunktionslenkrad', 'Navigationssystem', 'Nebelscheinwerfer', 'Nichtraucherfahrzeug', 'Notbremsassistent', 'Parksensor hinten', 'Parksensor vorne & hinten', 'Radio', 'Regensensor', 'Reifendrucksensor', 'Rückfahrkamera', 'Seitenairbags', 'Servicegepflegt', 'Servolenkung', 'Sitzheizung', 'Sperrdifferential', 'Sportfahrwerk', 'Sportpaket', 'Sportsitze', 'Spurhalteassistent', 'Stabilitätsprogramme (ESP)', 'Start/Stopp-Automatik', 'Tagfahrlicht', 'Tempomat', 'Totwinkelassistent', 'Winterpaket', 'Xenon', 'Zentralverriegelung']"
Audi A7 Sportback 55 TFSI quattro S-tronic Limousine,€ 61.500,"Eibenedt 14 4643 Pettenbach Kirchdorf an der Krems, Oberösterreich ",8/2019,96.000 km,339 PS (249 kW),Benzin,Automatik,Limousine,2,Gebrauchtwagen,"{'Antrieb': 'Allrad', 'CO₂-Ausstoß': '157 g/km', 'Anzahl Türen': '5', 'Anzahl Sitze': '4', 'Verbrauch': '6,90 l/100km', 'Außenfarbe': 'Schwarz', 'Metallic\xadlackierung': '', 'Gewährleistung': '', '§57a ""Pickerl""': ''}","['ABS', 'Abstandstempomat', 'Alarmanlage', 'Antriebsschlupfregelung (ASR)', 'Apple CarPlay', 'Aut. Heckklappe', 'Beifahrerairbags', 'Bluetooth / USB', 'Bordcomputer', 'elektr. Sitze', 'elektr. Spiegel', 'Fahrerairbag', 'Fernlichtassistent', 'Freisprecheinrichtung', 'Frontscheibenheizung', 'Handy induktiv laden', 'Head-Up-Display', 'ISOFIX', 'Keyless entry', 'Klimaanlage', 'Klimaautomatik', 'Kollisionswarner', 'Kopfairbags', 'Laserlicht', 'Lederausstattung', 'Lederlenkrad', 'LED-Scheinwerfer', 'Leichtmetall-/Alufelgen', 'Lichtsensor', 'Media-Interface / mp3', 'Metallic-Lackierung', 'Mittelarmlehne', 'Multifunktionslenkrad', 'Navigationssystem', 'Notbremsassistent', 'Notrufsystem', 'Panoramadach', 'Parksensor hinten', 'Parksensor vorne & hinten', 'Radio', 'Reifendrucksensor', 'Rückfahrkamera', 'Schaltwippen', 'Schiebedach', 'Seitenairbags', 'Servolenkung', 'Sitzheizung', 'Sportfahrwerk', 'Sportpaket', 'Sportsitze', 'Spurhalteassistent', 'Stabilitätsprogramme (ESP)', 'Start/Stopp-Automatik', 'Tagfahrlicht', 'Tempomat', 'Totwinkelassistent', 'Zentralverriegelung']"
Audi e-tron Sportback 50 quattro S line Limousine,€ 62.500,"3491 Straß im Straßertale Krems Land, Niederösterreich ",11/2020,33.900 km,299 PS (220 kW),Elektro,Automatik,Limousine,1,Gebrauchtwagen,"{'Antrieb': 'Allrad', 'Außenfarbe': 'Schwarz', 'Anzahl Türen': '5', 'Anzahl Sitze': '5', '§57a ""Pickerl""': ''}",
Audi A3 SB Limousine,€ 19.700,"7521 Eberau Güssing, Burgenland ",03/2018,93.500 km,116 PS (85 kW),Diesel,Schaltgetriebe,Limousine,1,Gebrauchtwagen,"{'Antrieb': 'Vorderrad', 'Anzahl Türen': '5', 'Anzahl Sitze': '5', 'Außenfarbe': 'Schwarz', '§57a ""Pickerl""': '', 'Pickerl gültig bis': '03.2024'}","['8-fach Bereift', 'ABS', 'Anhängerkupplung', 'Einparkhilfe', 'Keyless entry', 'Klimaanlage', 'Klimaautomatik', 'Lederlenkrad', 'Leichtmetall-/Alufelgen', 'Multifunktionslenkrad', 'Navigationssystem', 'Nichtraucherfahrzeug', 'Parksensor hinten', 'Parksensor vorne & hinten', 'Radio', 'Standheizung', 'Start/Stopp-Automatik', 'Tagfahrlicht', 'Xenon', 'Zentralverriegelung']"
"Audi A4 Avant 2,0 TDI DPF Jubliäumsmodell Kombi / Family Van",€ 8.000,8430 Leibnitz Steiermark ,03/2011,228.000 km,120 PS (88 kW),Diesel,Schaltgetriebe,Kombi / Family Van,NaN,Gebrauchtwagen,"{'Antrieb': 'Vorderrad', 'CO₂-Ausstoß': '134 g/km', 'Zylinder': '4', 'Anzahl Türen': '5', 'Anzahl Sitze': '5', 'Verbrauch': '5,20 l/100km', 'Außenfarbe': 'Weiß', 'Abgasnorm': 'EURO 5', '§57a ""Pickerl""': '', 'Pickerl gültig bis': '03.2024'}","['8-fach Bereift', 'ABS', 'Antriebsschlupfregelung (ASR)', 'Beifahrerairbags', 'Bluetooth / USB', 'Bordcomputer', 'CD Player', 'Dachreling', 'Einparkhilfe', 'elektr. Fensterheber', 'elektr. Sitze', 'elektr. Spiegel', 'Fahrerairbag', 'Fernlichtassistent', 'Freisprecheinrichtung', 'Klimaanlage', 'Klimaautomatik', 'Kopfairbags', 'Kurvenfahrlicht', 'LED-Scheinwerfer', 'Leichtmetall-/Alufelgen', 'Lichtsensor', 'Lordosenstütze', 'Mittelarmlehne', 'Multifunktionslenkrad', 'Nebelscheinwerfer', 'Nichtraucherfahrzeug', 'Parksensor hinten', 'Parksensor vorne & hinten', 'Radio', 'Regensensor', 'Seitenairbags', 'Servolenkung', 'Sitzheizung', 'Stabilitätsprogramme (ESP)', 'Tempomat', 'Xenon', 'Zentralverriegelung']"
Audi A6 Kombi / Family Van,€ 35.000,"Bleichstatt 16 4822 Anzenau Gmunden, Oberösterreich ",04/2015,127.000 km,218 PS (160 kW),Diesel,Automatik,Kombi / Family Van,2,Gebrauchtwagen,"{'Antrieb': 'Allrad', 'Anzahl Türen': '4', 'Anzahl Sitze': '5', 'Außenfarbe': 'Grau', 'Metallic\xadlackierung': '', '§57a ""Pickerl""': '', 'Servicegepflegt': ''}","['8-fach Bereift', 'ABS', 'Abstandstempomat', 'Anhängerkupplung', 'Antriebsschlupfregelung (ASR)', 'Aut. Heckklappe', 'Beifahrerairbags', 'Bluetooth / USB', 'Bordcomputer', 'CD Player', 'Dachreling', 'Einparkhilfe', 'elektr. Fensterheber', 'elektr. Sitze', 'elektr. Spiegel', 'Fahrerairbag', 'Fernlichtassistent', 'Freisprecheinrichtung', 'Klimaanlage', 'Klimaautomatik', 'Lederausstattung', 'Lederlenkrad', 'LED-Scheinwerfer', 'Leichtmetall-/Alufelgen', 'Lordosenstütze', 'Media-Interface / mp3', 'Metallic-Lackierung', 'Multifunktionslenkrad', 'Navigationssystem', 'Panoramadach', 'Rückfahrkamera', 'Schiebedach', 'Servicegepflegt', 'Servolenkung', 'Sitzheizung', 'Sportfahrwerk', 'Sportpaket', 'Sportsitze', 'Spurhalteassistent', 'Stabilitätsprogramme (ESP)', 'Start/Stopp-Automatik', 'Tempomat', 'Totwinkelassistent']"
Audi A4 1.6 Benzin Limousine,€ 3.000,dorfstraße 82 8430 Leibnitz Steiermark ,04/1999,161.000 km,101 PS (74 kW),Benzin,Schaltgetriebe,Limousine,2,Gebrauchtwagen,"{'Antrieb': 'Vorderrad', 'Anzahl Türen': '5', 'Anzahl Sitze': '5', 'Außenfarbe': 'Grau', '§57a ""Pickerl""': '', 'Pickerl gültig bis': '04.2023', 'Servicegepflegt': ''}","['Beifahrerairbags', 'Bluetooth / USB', 'CD Player', 'elektr. Fensterheber', 'Klimaanlage', 'Klimaautomatik', 'Nebelscheinwerfer', 'Nichtraucherfahrzeug', 'Radio', 'Servicegepflegt', 'Servolenkung']"
Audi A4 Avant 45 TDI  V6 quattro sport Aut. __ S LINE _- VIRTUAL __ Kombi / Family Van,€ 39.000,"Schneiderweg 7a 6384 Waidring Kitzbühel, Tirol ",12/2019,98.000 km,231 PS (170 kW),Diesel,Automatik,Kombi / Family Van,1,Gebrauchtwagen,"{'Antrieb': 'Allrad', 'CO₂-Ausstoß': '139 g/km', 'Hubraum': '2.967 ccm', 'Zylinder': '6', 'Anzahl Türen': '5', 'Anzahl Sitze': '5', 'Verbrauch': '5,30 l/100km', 'Außenfarbe': 'Grau', 'Abgasnorm': 'EURO 6', 'Metallic\xadlackierung': '', 'Gewährleistung': '', '§57a ""Pickerl""': '', 'Pickerl gültig bis': '12.2024', 'Servicegepflegt': '', 'Leasingfähig': '', 'MwSt. ausweisbar': ''}","['ABS', 'Abstandstempomat', 'Antriebsschlupfregelung (ASR)', 'Beifahrerairbags', 'Bluetooth / USB', 'Bordcomputer', 'Dachreling', 'Einparkhilfe', 'elektr. Fensterheber', 'elektr. Spiegel', 'Fahrerairbag', 'Fernlichtassistent', 'Handy induktiv laden', 'ISOFIX', 'Klimaanlage', 'Klimaautomatik', 'Kollisionswarner', 'Komfortfahrwerk', 'Kurvenfahrlicht', 'Leasingfähig', 'Lederausstattung', 'Lederlenkrad', 'LED-Scheinwerfer', 'Leichtmetall-/Alufelgen', 'Lichtsensor', 'Lordosenstütze', 'Media-Interface / mp3', 'Metallic-Lackierung', 'Mittelarmlehne', 'Multifunktionslenkrad', 'MwSt. ausweisbar', 'Navigationssystem', 'Nichtraucherfahrzeug', 'Notbremsassistent', 'Parksensor hinten', 'Parksensor vorne & hinten', 'Radio', 'Regensensor', 'Reifendrucksensor', 'Schaltwippen', 'Schisack', 'Seitenairbags', 'Servicegepflegt', 'Servolenkung', 'Sitzheizung', 'Sportfahrwerk', 'Sportpaket', 'Sportsitze', 'Spurhalteassistent', 'Stabilitätsprogramme (ESP)', 'Start/Stopp-Automatik', 'Tagfahrlicht', 'Tempomat', 'Winterpaket', 'Zentralverriegelung']"
Audi A6 allroad 3.0Tdi quattro Kombi / Family Van,€ 15.800,"Kohlstatt 26 6401 Inzing Innsbruck-Land, Tirol ",12/2008,103.000 km,239 PS (176 kW),Diesel,Automatik,Kombi / Family Van,NaN,Gebrauchtwagen,"{'Antrieb': 'Allrad', 'Anzahl Türen': '5', 'Anzahl Sitze': '5', 'Außenfarbe': 'Weiß', '§57a ""Pickerl""': '', 'Pickerl gültig bis': '12.2023', 'Servicegepflegt': ''}","['ABS', 'Alarmanlage', 'Anhängerkupplung', 'Aut. Heckklappe', 'Beifahrerairbags', 'Bordcomputer', 'CD Player', 'Dachgepäckträger', 'Dachreling', 'Einparkhilfe', 'elektr. Sitze', 'elektr. Spiegel', 'Fahrerairbag', 'Klimaanlage', 'Klimaautomatik', 'Kurvenfahrlicht', 'Lederausstattung', 'Lederlenkrad', 'Mittelarmlehne', 'Multifunktionslenkrad', 'Navigationssystem', 'Nebelscheinwerfer', 'Nichtraucherfahrzeug', 'Parksensor hinten', 'Parksensor vorne & hinten', 'Regensensor', 'Schaltwippen', 'Schiebedach', 'Servicegepflegt', 'Sitzheizung', 'Tempomat', 'Xenon']"
Audi e-tron 55 quattro 95kWh Exclusive Voll Garantie... SUV / Geländewagen,€ 52.950,"Brodersdorfstraße 33 8200 Gleisdorf Weiz, Steiermark ",1/2021,63.000 km,408 PS (300 kW),Elektro,Automatik,SUV / Geländewagen,1,Gebrauchtwagen,"{'Antrieb': 'Allrad', 'Anzahl Türen': '5', 'Anzahl Sitze': '5', 'Außenfarbe': 'Schwarz', 'Gewährleistung': '', '§57a ""Pickerl""': '', 'Garantie bis': '5 Jahre / 100.000 km', 'Pickerl gültig bis': '01.2024', 'Garantie': '', 'Servicegepflegt': '', 'MwSt. ausweisbar': '', 'Leasingfähig': ''}","['ABS', 'Abstandstempomat', 'Alarmanlage', 'Anhängerkupplung', 'Antriebsschlupfregelung (ASR)', 'Beifahrerairbags', 'Bluetooth / USB', 'Bordcomputer', 'CD Player', 'Dachreling', 'elektr. Fensterheber', 'elektr. Sitze', 'elektr. Spiegel', 'Fahrerairbag', 'Freisprecheinrichtung', 'Head-Up-Display', 'ISOFIX', 'Keyless entry', 'Klimaanlage', 'Klimaautomatik', 'Kopfairbags', 'Kurvenfahrlicht', 'Leasingfähig', 'Lederausstattung', 'Lederlenkrad', 'LED-Scheinwerfer', 'Leichtmetall-/Alufelgen', 'Lichtsensor', 'Lordosenstütze', 'Mittelarmlehne', 'Multifunktionslenkrad', 'MwSt. ausweisbar', 'Navigationssystem', 'Nebelscheinwerfer', 'Nichtraucherfahrzeug', 'Notbremsassistent', 'Parksensor hinten', 'Parksensor vorne & hinten', 'Radio', 'Regensensor', 'Reifendrucksensor', 'Rückfahrkamera', 'Schaltwippen', 'Schisack', 'Seitenairbags', 'Servicegepflegt', 'Servolenkung', 'Sitzheizung', 'Sportsitze', 'Spurhalteassistent', 'Stabilitätsprogramme (ESP)', 'Standheizung', 'Start/Stopp-Automatik', 'Tagfahrlicht', 'Teilautonomes Fahren', 'Tempomat', 'Totwinkelassistent', 'Xenon', 'Zentralverriegelung']"
Audi A3 Klein-/ Kompaktwagen,€ 1.800,"Bad Radkersburg 8490 Sicheldorf Südoststeiermark, Steiermark ",10/2002,241.300 km,102 PS (75 kW),Benzin,Schaltgetriebe,Klein-/ Kompaktwagen,NaN,Gebrauchtwagen,"{'Antrieb': 'Vorderrad', 'Außenfarbe': 'Blau', 'Anzahl Türen': '3', 'Anzahl Sitze': '5'}",
"Audi A4 Avant 2,0 TDI *XENON*NAVI*LEDER* Kombi / Family Van",€ 19.990,Salzburger Strasse 178 4600 Wels Oberösterreich ,4/2016,123.000 km,150 PS (110 kW),Diesel,Schaltgetriebe,Kombi / Family Van,1,Gebrauchtwagen,"{'Antrieb': 'Vorderrad', 'CO₂-Ausstoß': '104 g/km', 'Hubraum': '1.968 ccm', 'Anzahl Türen': '5', 'Anzahl Sitze': '5', 'Verbrauch': '4 l/100km', 'Außenfarbe': 'Braun', 'Abgasnorm': 'EURO 6', 'Metallic\xadlackierung': '', 'Gewährleistung': '', 'Servicegepflegt': '', 'MwSt. ausweisbar': '', 'Leasingfähig': ''}","['ABS', 'Antriebsschlupfregelung (ASR)', 'Beifahrerairbags', 'Bluetooth / USB', 'Bordcomputer', 'Einparkhilfe', 'elektr. Fensterheber', 'elektr. Spiegel', 'Fahrerairbag', 'Freisprecheinrichtung', 'Klimaanlage', 'Klimaautomatik', 'Kopfairbags', 'Leasingfähig', 'Lederausstattung', 'Lederlenkrad', 'Leichtmetall-/Alufelgen', 'Lichtsensor', 'Media-Interface / mp3', 'Metallic-Lackierung', 'Multifunktionslenkrad', 'MwSt. ausweisbar', 'Navigationssystem', 'Parksensor hinten', 'Parksensor vorne & hinten', 'Regensensor', 'Reifendrucksensor', 'Seitenairbags', 'Servicegepflegt', 'Servolenkung', 'Sitzheizung', 'Stabilitätsprogramme (ESP)', 'Start/Stopp-Automatik', 'Tagfahrlicht', 'Tempomat', 'Xenon', 'Zentralverriegelung']"
"Audi A6 Avant 40 TDI S-tr. *NP € 71.346,- / VIRT. CO... Kombi / Family Van",€ 33.870,"Neugasse 103 8200 Gleisdorf Weiz, Steiermark ",1/2019,132.600 km,204 PS (150 kW),Diesel,Automatik,Kombi / Family Van,NaN,Gebrauchtwagen,"{'Antrieb': 'Vorderrad', 'CO₂-Ausstoß': '146 g/km', 'Hubraum': '1.968 ccm', 'Anzahl Türen': '5', 'Anzahl Sitze': '5', 'Verbrauch': '4,70 l/100km', 'Außenfarbe': 'Blau', 'Abgasnorm': 'EURO 6', 'Metallic\xadlackierung': '', 'Gewährleistung': '', '§57a ""Pickerl""': '', 'Pickerl gültig bis': '01.2024', 'Servicegepflegt': '', 'MwSt. ausweisbar': '', 'Leasingfähig': ''}","['ABS', 'Abstandstempomat', 'Anhängerkupplung', 'Antriebsschlupfregelung (ASR)', 'Aut. Heckklappe', 'Beifahrerairbags', 'Dachreling', 'elektr. Spiegel', 'Fernlichtassistent', 'Freisprecheinrichtung', 'ISOFIX', 'Kopfairbags', 'Leasingfähig', 'Lederlenkrad', 'LED-Scheinwerfer', 'Lordosenstütze', 'Metallic-Lackierung', 'Mittelarmlehne', 'Multifunktionslenkrad', 'MwSt. ausweisbar', 'Navigationssystem', 'Nichtraucherfahrzeug', 'Parksensor hinten', 'Parksensor vorne & hinten', 'Regensensor', 'Reifendrucksensor', 'Rückfahrkamera', 'Seitenairbags', 'Servicegepflegt', 'Sitzheizung', 'Stabilitätsprogramme (ESP)', 'Tempomat']"
"Audi Q2 1,6 TDI Sport S-LINE *VIRT. COCKPIT / ACC / ... SUV / Geländewagen",€ 24.480,Wiener Strasse 101 7400 Oberwart Burgenland ,3/2019,65.700 km,116 PS (85 kW),Diesel,Schaltgetriebe,SUV / Geländewagen,NaN,Gebrauchtwagen,"{'Antrieb': 'Vorderrad', 'CO₂-Ausstoß': '114 g/km', 'Hubraum': '1.598 ccm', 'max. Anhängelast': '0 kg', 'Anzahl Türen': '4', 'Anzahl Sitze': '5', 'Verbrauch': '4,40 l/100km', 'Außenfarbe': 'Blau', 'Abgasnorm': 'EURO 6', 'Metallic\xadlackierung': '', 'Gewährleistung': '', '§57a ""Pickerl""': '', 'Pickerl gültig bis': '03.2024', 'Servicegepflegt': '', 'MwSt. ausweisbar': '', 'Leasingfähig': ''}","['ABS', 'Abstandstempomat', 'Antriebsschlupfregelung (ASR)', 'Aut. Heckklappe', 'Beifahrerairbags', 'elektr. Fensterheber', 'elektr. Spiegel', 'ISOFIX', 'Klimaanlage', 'Kopfairbags', 'Leasingfähig', 'Lederlenkrad', 'Leichtmetall-/Alufelgen', 'Lordosenstütze', 'Metallic-Lackierung', 'Mittelarmlehne', 'Multifunktionslenkrad', 'MwSt. ausweisbar', 'Navigationssystem', 'Nichtraucherfahrzeug', 'Parksensor hinten', 'Parksensor vorne & hinten', 'Regensensor', 'Reifendrucksensor', 'Seitenairbags', 'Servicegepflegt', 'Sitzheizung', 'Sportpaket', 'Sportsitze', 'Stabilitätsprogramme (ESP)', 'Tempomat', 'Zentralverriegelung']"
"Audi Q3 2,0 TDI Design *NAVI / XENON PLUS / TEMPOMAT... SUV / Geländewagen",€ 24.480,"Neugasse 103 8200 Gleisdorf Weiz, Steiermark ",6/2018,75.300 km,150 PS (110 kW),Diesel,Schaltgetriebe,SUV / Geländewagen,NaN,Gebrauchtwagen,"{'Antrieb': 'Vorderrad', 'CO₂-Ausstoß': '117 g/km', 'Hubraum': '1.968 ccm', 'max. Anhängelast': '1.800 kg', 'Anzahl Türen': '5', 'Anzahl Sitze': '5', 'Verbrauch': '4,60 l/100km', 'Außenfarbe': 'Schwarz', 'Abgasnorm': 'EURO 6', 'Metallic\xadlackierung': '', 'Gewährleistung': '', '§57a ""Pickerl""': '', 'Pickerl gültig bis': '06.2023', 'Servicegepflegt': '', 'MwSt. ausweisbar': '', 'Leasingfähig': ''}","['ABS', 'Antriebsschlupfregelung (ASR)', 'Beifahrerairbags', 'Dachreling', 'elektr. Spiegel', 'Fernlichtassistent', 'Freisprecheinrichtung', 'ISOFIX', 'Klimaanlage', 'Kopfairbags', 'Leasingfähig', 'Lederlenkrad', 'Leichtmetall-/Alufelgen', 'Lordosenstütze', 'Metallic-Lackierung', 'Mittelarmlehne', 'Multifunktionslenkrad', 'MwSt. ausweisbar', 'Navigationssystem', 'Nichtraucherfahrzeug', 'Parksensor hinten', 'Regensensor', 'Reifendrucksensor', 'Seitenairbags', 'Servicegepflegt', 'Servolenkung', 'Sitzheizung', 'Stabilitätsprogramme (ESP)', 'Tempomat', 'Xenon']"
"Audi Q3 2,0 TDI S-tr. *NAVI / XENON PLUS / TEMPOMAT* SUV / Geländewagen",€ 27.480,"Neugasse 103 8200 Gleisdorf Weiz, Steiermark ",7/2018,85.800 km,150 PS (110 kW),Diesel,Automatik,SUV / Geländewagen,NaN,Gebrauchtwagen,"{'Antrieb': 'Vorderrad', 'CO₂-Ausstoß': '128 g/km', 'Hubraum': '1.968 ccm', 'max. Anhängelast': '0 kg', 'Anzahl Türen': '5', 'Anzahl Sitze': '5', 'Verbrauch': '4,90 l/100km', 'Außenfarbe': 'Schwarz', 'Abgasnorm': 'EURO 6', 'Metallic\xadlackierung': '', 'Gewährleistung': '', '§57a ""Pickerl""': '', 'Pickerl gültig bis': '07.2023', 'Servicegepflegt': '', 'MwSt. ausweisbar': '', 'Leasingfähig': ''}","['ABS', 'Antriebsschlupfregelung (ASR)', 'Beifahrerairbags', 'Dachreling', 'elektr. Sitze', 'elektr. Spiegel', 'Fernlichtassistent', 'Freisprecheinrichtung', 'ISOFIX', 'Klimaanlage', 'Kopfairbags', 'Leasingfähig', 'Lederlenkrad', 'Leichtmetall-/Alufelgen', 'Lordosenstütze', 'Metallic-Lackierung', 'Mittelarmlehne', 'Multifunktionslenkrad', 'MwSt. ausweisbar', 'Navigationssystem', 'Nichtraucherfahrzeug', 'Parksensor hinten', 'Parksensor vorne & hinten', 'Regensensor', 'Reifendrucksensor', 'Seitenairbags', 'Servicegepflegt', 'Servolenkung', 'Sitzheizung', 'Stabilitätsprogramme (ESP)', 'Tempomat', 'Xenon']"
"Audi Q5 2,0 TFSI quattro S-Line S-tronic SUV / Geländewagen",€ 20.900,"Hauptstraße 105 2304 Orth an der Donau Gänserndorf, Niederösterreich ",3/2009,97.000 km,211 PS (155 kW),Benzin,Automatik,SUV / Geländewagen,1,Gebrauchtwagen,"{'Antrieb': 'Allrad', 'CO₂-Ausstoß': '197 g/km', 'Hubraum': '1.984 ccm', 'max. Anhängelast': '2.000 kg', 'Zylinder': '4', 'Anzahl Türen': '5', 'Anzahl Sitze': '5', 'Verbrauch': '8,50 l/100km', 'Außenfarbe': 'Schwarz', 'Abgasnorm': 'EURO 5', 'Metallic\xadlackierung': '', 'Gewährleistung': '', '§57a ""Pickerl""': '', 'Pickerl gültig bis': '3.2024'}","['ABS', 'Antriebsschlupfregelung (ASR)', 'Beifahrerairbags', 'Dachgepäckträger', 'Dachreling', 'elektr. Fensterheber', 'elektr. Spiegel', 'ISOFIX', 'Klimaanlage', 'Klimaautomatik', 'Kopfairbags', 'Lederlenkrad', 'Leichtmetall-/Alufelgen', 'Metallic-Lackierung', 'Mittelarmlehne', 'Nebelscheinwerfer', 'Schisack', 'Seitenairbags', 'Servolenkung', 'Stabilitätsprogramme (ESP)', 'Tagfahrlicht', 'Zentralverriegelung']"
"Audi A4 Avant 2,0 TDI S-tr. *NAVI / XENON / TEMPOMAT... Kombi / Family Van",€ 24.470,Wiener Strasse 101 7400 Oberwart Burgenland ,2/2019,102.000 km,150 PS (110 kW),Diesel,Automatik,Kombi / Family Van,NaN,Gebrauchtwagen,"{'Antrieb': 'Vorderrad', 'CO₂-Ausstoß': '106 g/km', 'Hubraum': '1.968 ccm', 'max. Anhängelast': '0 kg', 'Anzahl Türen': '5', 'Anzahl Sitze': '5', 'Verbrauch': '4,10 l/100km', 'Außenfarbe': 'Schwarz', 'Abgasnorm': 'EURO 6', 'Metallic\xadlackierung': '', 'Gewährleistung': '', '§57a ""Pickerl""': '', 'Pickerl gültig bis': '02.2024', 'Servicegepflegt': '', 'MwSt. ausweisbar': '', 'Leasingfähig': ''}","['ABS', 'Antriebsschlupfregelung (ASR)', 'Aut. Heckklappe', 'Beifahrerairbags', 'Bluetooth / USB', 'Dachreling', 'elektr. Spiegel', 'Freisprecheinrichtung', 'ISOFIX', 'Kopfairbags', 'Leasingfähig', 'Lederlenkrad', 'Leichtmetall-/Alufelgen', 'Metallic-Lackierung', 'Mittelarmlehne', 'Multifunktionslenkrad', 'MwSt. ausweisbar', 'Navigationssystem', 'Nichtraucherfahrzeug', 'Parksensor hinten', 'Parksensor vorne & hinten', 'Regensensor', 'Reifendrucksensor', 'Seitenairbags', 'Servicegepflegt', 'Servolenkung', 'Sitzheizung', 'Stabilitätsprogramme (ESP)', 'Tempomat', 'Xenon']"
